,Unnamed: 0,face,confidence,pose_Tx,pose_Ty,pose_Tz,pose_Rx,pose_Ry,pose_Rz,X_0,X_1,X_2,X_3,X_4,X_5,X_6,X_7,X_8,X_9,X_10,X_11,X_12,X_13,X_14,X_15,X_16,X_17,X_18,X_19,X_20,X_21,X_22,X_23,X_24,X_25,X_26,X_27,X_28,X_29,X_30,X_31,X_32,X_33,X_34,X_35,X_36,X_37,X_38,X_39,X_40,X_41,X_42,X_43,X_44,X_45,X_46,X_47,X_48,X_49,X_50,X_51,X_52,X_53,X_54,X_55,X_56,X_57,X_58,X_59,X_60,X_61,X_62,X_63,X_64,X_65,X_66,X_67,Y_0,Y_1,Y_2,Y_3,Y_4,Y_5,Y_6,Y_7,Y_8,Y_9,Y_10,Y_11,Y_12,Y_13,Y_14,Y_15,Y_16,Y_17,Y_18,Y_19,Y_20,Y_21,Y_22,Y_23,Y_24,Y_25,Y_26,Y_27,Y_28,Y_29,Y_30,Y_31,Y_32,Y_33,Y_34,Y_35,Y_36,Y_37,Y_38,Y_39,Y_40,Y_41,Y_42,Y_43,Y_44,Y_45,Y_46,Y_47,Y_48,Y_49,Y_50,Y_51,Y_52,Y_53,Y_54,Y_55,Y_56,Y_57,Y_58,Y_59,Y_60,Y_61,Y_62,Y_63,Y_64,Y_65,Y_66,Y_67,Z_0,Z_1,Z_2,Z_3,Z_4,Z_5,Z_6,Z_7,Z_8,Z_9,Z_10,Z_11,Z_12,Z_13,Z_14,Z_15,Z_16,Z_17,Z_18,Z_19,Z_20,Z_21,Z_22,Z_23,Z_24,Z_25,Z_26,Z_27,Z_28,Z_29,Z_30,Z_31,Z_32,Z_33,Z_34,Z_35,Z_36,Z_37,Z_38,Z_39,Z_40,Z_41,Z_42,Z_43,Z_44,Z_45,Z_46,Z_47,Z_48,Z_49,Z_50,Z_51,Z_52,Z_53,Z_54,Z_55,Z_56,Z_57,Z_58,Z_59,Z_60,Z_61,Z_62,Z_63,Z_64,Z_65,Z_66,Z_67
0,0,0,0.975,-89.0,-226.5,1158.3,0.188,-0.03,-0.158,-170.4,-166.2,-160.2,-152.6,-141.8,-127.0,-111.1,-93.8,-76.6,-60.8,-47.0,-34.6,-24.7,-19.8,-19.5,-20.4,-22.6,-159.8,-152.4,-139.9,-126.5,-113.6,-83.7,-72.1,-60.5,-48.1,-37.5,-95.5,-93.0,-90.7,-88.3,-101.6,-94.0,-86.3,-79.3,-72.9,-142.2,-134.4,-124.6,-115.3,-123.6,-133.2,-74.7,-67.2,-57.5,-49.0,-55.5,-65.0,-109.7,-100.2,-90.6,-83.6,-76.8,-66.1,-55.7,-63.3,-72.3,-80.1,-87.5,-98.1,-104.8,-89.8,-82.8,-75.6,-60.0,-74.9,-82.2,-89.4,-258.4,-237.8,-217.9,-199.0,-181.7,-167.5,-156.8,-149.4,-148.9,-153.4,-163.8,-177.7,-194.9,-215.0,-236.8,-259.4,-282.0,-268.3,-277.9,-281.6,-281.4,-279.0,-284.5,-291.7,-296.1,-297.0,-291.7,-265.4,-252.7,-240.1,-227.2,-217.7,-216.1,-215.1,-218.8,-222.4,-256.0,-260.9,-262.6,-259.3,-255.5,-253.8,-266.4,-272.8,-274.4,-272.5,-267.6,-265.7,-190.7,-197.3,-201.5,-200.7,-203.7,-202.7,-199.9,-188.3,-182.6,-180.6,-180.1,-182.6,-191.0,-194.5,-195.0,-196.8,-198.5,-193.0,-191.1,-190.7,1196.3,1195.6,1196.9,1196.6,1191.9,1182.9,1170.2,1157.0,1152.7,1158.6,1171.8,1183.9,1189.8,1190.4,1189.0,1188.0,1189.0,1169.6,1163.7,1157.3,1151.2,1145.3,1143.3,1146.9,1150.5,1153.8,1157.5,1141.9,1135.1,1128.1,1121.4,1136.1,1133.1,1130.6,1132.5,1134.6,1162.7,1159.0,1157.2,1154.7,1155.7,1157.8,1151.5,1152.0,1152.8,1154.9,1151.6,1150.9,1151.0,1138.4,1132.4,1131.0,1131.3,1137.2,1146.9,1136.8,1130.9,1130.6,1132.0,1139.0,1147.8,1134.2,1132.7,1132.8,1144.3,1132.7,1132.4,1134.2
1,0,0,0.975,-89.2,-227.6,1163.8,0.175,-0.033,-0.156,-170.8,-166.7,-160.8,-153.1,-142.0,-127.1,-111.4,-94.3,-77.2,-61.3,-47.4,-35.0,-25.1,-20.1,-19.7,-20.4,-22.2,-159.3,-152.5,-140.3,-126.8,-113.8,-84.2,-72.7,-61.1,-48.7,-38.1,-95.6,-93.1,-90.8,-88.5,-101.9,-94.3,-86.5,-79.4,-73.0,-140.7,-132.7,-123.7,-114.9,-122.8,-131.6,-75.4,-67.6,-58.6,-50.3,-57.2,-66.0,-109.6,-99.9,-90.5,-83.7,-77.0,-66.7,-56.5,-64.2,-72.9,-80.5,-87.7,-98.1,-104.8,-89.8,-82.9,-75.9,-60.7,-75.4,-82.5,-89.5,-259.9,-239.0,-218.7,-199.6,-182.2,-168.1,-157.6,-150.4,-149.7,-154.1,-164.3,-178.0,-195.2,-215.6,-237.7,-260.6,-283.6,-270.0,-280.0,-284.0,-283.8,-281.3,-286.6,-293.9,-298.3,-299.2,-294.0,-266.4,-254.1,-242.0,-229.4,-219.7,-218.0,-217.0,-220.7,-224.4,-256.2,-260.0,-261.8,-260.2,-256.4,-254.6,-267.0,-271.7,-273.0,-272.2,-267.8,-266.2,-192.3,-198.5,-202.4,-201.6,-204.4,-203.4,-201.2,-189.9,-184.6,-182.6,-182.2,-184.5,-192.5,-195.8,-196.2,-198.0,-199.8,-194.7,-192.9,-192.5,1203.8,1202.5,1203.5,1203.1,1197.2,1188.0,1174.2,1161.2,1158.1,1164.2,1178.2,1190.4,1196.2,1197.0,1195.9,1195.3,1197.6,1177.0,1171.0,1163.9,1157.6,1150.7,1147.9,1152.7,1157.3,1161.8,1166.2,1147.8,1141.0,1133.9,1127.1,1141.7,1138.7,1136.1,1138.4,1140.8,1168.3,1164.5,1163.1,1160.8,1161.3,1162.9,1157.4,1158.1,1158.9,1161.0,1157.7,1156.9,1156.3,1143.9,1138.1,1136.7,1136.9,1142.6,1153.3,1141.6,1135.8,1135.2,1136.6,1143.8,1153.0,1139.7,1138.3,1138.4,1150.5,1137.8,1137.4,1139.2
2,0,0,0.975,-88.9,-227.9,1158.1,0.162,-0.041,-0.154,-170.1,-166.2,-160.7,-153.5,-142.7,-127.9,-112.1,-94.6,-77.0,-61.0,-47.0,-34.6,-24.8,-20.1,-19.8,-20.6,-22.2,-159.0,-152.4,-140.4,-126.7,-113.5,-84.4,-72.9,-61.1,-48.7,-38.0,-95.3,-92.9,-90.5,-88.2,-101.6,-93.9,-86.1,-79.0,-72.6,-140.0,-131.9,-123.1,-114.1,-122.1,-130.7,-75.6,-67.6,-58.7,-50.4,-57.4,-66.2,-110.1,-100.0,-90.3,-83.2,-76.3,-65.8,-55.5,-63.2,-72.1,-79.8,-87.3,-98.1,-105.3,-89.5,-82.4,-75.2,-59.6,-74.7,-82.0,-89.2,-260.1,-239.7,-219.7,-200.7,-183.5,-169.4,-158.7,-151.0,-150.0,-154.4,-164.5,-178.2,-195.2,-215.5,-237.6,-260.4,-283.1,-271.3,-281.4,-285.6,-285.3,-282.5,-287.6,-295.1,-299.4,-300.0,-294.7,-266.2,-254.5,-242.9,-230.9,-220.3,-218.8,-217.7,-221.4,-225.0,-255.7,-259.1,-260.8,-259.8,-255.9,-254.1,-266.3,-270.5,-271.7,-271.3,-266.9,-265.3,-193.1,-199.2,-203.1,-202.3,-205.2,-204.2,-202.2,-190.4,-184.9,-182.8,-182.4,-184.9,-193.3,-196.3,-196.7,-198.5,-200.8,-195.1,-193.2,-192.8,1199.0,1197.2,1197.7,1197.3,1191.4,1182.3,1168.4,1155.2,1152.5,1158.9,1173.3,1185.7,1191.3,1192.3,1191.6,1191.7,1194.9,1172.6,1166.7,1159.0,1152.2,1145.3,1141.8,1147.6,1153.3,1158.7,1163.8,1142.9,1135.9,1128.5,1121.4,1136.3,1133.5,1130.9,1133.3,1136.0,1163.4,1159.4,1158.1,1156.1,1156.4,1157.8,1152.8,1153.9,1154.8,1157.2,1153.6,1152.6,1150.4,1137.4,1131.5,1130.1,1130.3,1136.3,1148.2,1135.3,1128.9,1128.2,1129.6,1137.1,1147.1,1133.2,1131.8,1132.0,1145.2,1131.2,1130.6,1132.4
3,0,0,0.975,-87.9,-228.9,1151.3,0.147,-0.037,-0.141,-168.4,-164.7,-159.6,-152.7,-142.3,-127.8,-112.0,-94.6,-76.9,-60.7,-46.6,-34.2,-24.3,-19.3,-18.7,-19.3,-20.9,-157.2,-150.4,-138.3,-124.8,-111.9,-82.4,-70.9,-59.3,-47.0,-36.7,-93.9,-91.5,-89.2,-87.0,-101.1,-93.2,-85.2,-78.0,-71.3,-139.0,-131.0,-122.2,-113.1,-121.2,-129.9,-73.8,-65.9,-56.9,-48.7,-55.7,-64.5,-110.2,-100.3,-90.3,-82.7,-75.2,-64.4,-54.3,-61.8,-70.9,-79.3,-87.3,-98.4,-105.2,-89.6,-82.0,-74.1,-58.5,-73.4,-81.4,-89.1,-260.8,-240.4,-220.5,-201.5,-184.1,-169.8,-158.8,-151.1,-150.0,-154.1,-164.1,-177.6,-194.4,-214.6,-236.6,-259.3,-281.8,-272.8,-282.7,-286.8,-286.5,-283.7,-288.5,-295.6,-299.6,-300.0,-294.4,-268.1,-255.9,-243.9,-231.5,-221.8,-220.0,-218.8,-222.5,-226.1,-258.4,-261.9,-263.6,-262.1,-258.6,-256.9,-268.2,-272.5,-273.6,-272.8,-268.8,-267.4,-194.4,-201.2,-205.2,-204.3,-207.2,-206.0,-202.9,-191.0,-185.2,-183.1,-182.7,-185.5,-194.6,-198.1,-198.5,-200.3,-201.6,-195.7,-193.8,-193.5,1190.9,1189.4,1190.4,1190.2,1184.4,1174.7,1160.2,1146.4,1143.3,1149.9,1164.4,1177.3,1183.5,1184.9,1183.8,1183.7,1186.6,1165.5,1160.0,1153.1,1146.8,1140.4,1137.8,1142.7,1147.5,1151.9,1155.9,1137.1,1129.9,1122.5,1115.3,1129.9,1126.8,1124.0,1126.4,1129.1,1156.6,1153.0,1151.7,1149.7,1150.1,1151.4,1146.7,1147.6,1148.3,1150.3,1147.0,1146.3,1143.3,1130.4,1124.5,1122.9,1123.4,1129.3,1140.5,1128.8,1122.4,1121.6,1123.0,1130.4,1140.2,1126.2,1124.7,1124.9,1137.8,1124.7,1124.1,1126.0
4,0,0,0.975,-87.4,-230.3,1151.4,0.159,-0.036,-0.127,-168.0,-164.4,-159.4,-153.1,-143.5,-129.6,-113.5,-95.3,-76.9,-60.2,-46.0,-33.5,-23.5,-18.4,-17.6,-18.1,-19.6,-156.2,-149.2,-137.0,-123.4,-110.5,-80.6,-69.2,-57.6,-45.4,-35.3,-92.5,-90.3,-88.2,-86.2,-101.1,-92.9,-84.6,-77.2,-70.5,-138.7,-130.6,-121.5,-112.4,-120.7,-129.6,-72.1,-64.2,-55.1,-46.8,-53.7,-62.6,-111.5,-101.3,-90.5,-82.8,-74.9,-63.6,-53.1,-60.7,-70.4,-79.2,-87.4,-99.3,-106.7,-89.9,-82.2,-74.0,-57.3,-72.6,-80.9,-89.0,-262.4,-242.0,-222.5,-203.9,-186.5,-171.8,-160.3,-152.0,-150.7,-154.8,-164.6,-177.8,-194.7,-214.8,-236.6,-259.1,-281.5,-274.0,-284.1,-288.0,-287.5,-284.4,-288.7,-295.6,-299.2,-299.5,-293.7,-269.1,-256.7,-244.6,-232.0,-223.6,-221.5,-220.0,-223.9,-227.6,-260.6,-264.8,-266.2,-263.5,-260.5,-259.2,-269.0,-274.2,-275.5,-273.8,-269.9,-268.5,-197.4,-204.4,-208.1,-207.2,-210.0,-209.1,-205.5,-192.0,-185.3,-183.2,-182.9,-186.5,-197.6,-201.9,-202.2,-204.0,-204.2,-194.7,-192.7,-192.5,1190.9,1188.7,1188.7,1188.0,1183.7,1175.1,1161.8,1147.2,1143.0,1149.1,1163.2,1175.8,1182.1,1183.4,1182.2,1182.9,1185.9,1164.0,1158.7,1152.2,1145.7,1139.4,1137.7,1141.9,1145.8,1149.6,1153.2,1136.0,1129.0,1121.8,1114.9,1129.5,1126.1,1123.1,1125.2,1127.7,1155.8,1152.4,1151.1,1148.8,1149.5,1151.0,1145.7,1146.7,1147.4,1149.2,1146.0,1145.2,1145.5,1131.9,1125.2,1123.5,1124.1,1130.7,1142.2,1130.7,1123.4,1122.7,1124.2,1132.0,1143.0,1126.3,1124.6,1124.9,1139.9,1126.3,1125.8,1127.8
5,0,0,0.975,-87.0,-231.0,1152.4,0.154,-0.025,-0.123,-167.3,-163.8,-158.8,-152.6,-143.1,-129.4,-113.5,-95.3,-76.8,-60.0,-45.5,-32.7,-22.6,-17.5,-16.8,-17.3,-18.8,-155.9,-148.4,-136.1,-122.7,-110.0,-80.0,-68.5,-56.7,-44.5,-34.3,-92.1,-90.0,-88.1,-86.1,-100.9,-92.8,-84.6,-77.1,-70.4,-138.7,-130.6,-121.2,-112.0,-120.5,-129.6,-71.6,-63.7,-54.3,-45.9,-52.8,-61.9,-112.0,-101.7,-90.7,-82.9,-74.8,-63.2,-52.4,-60.4,-70.4,-79.4,-87.7,-99.8,-107.2,-90.1,-82.3,-74.0,-56.7,-72.5,-81.0,-89.2,-263.3,-242.9,-223.3,-204.6,-187.2,-172.4,-161.0,-152.5,-151.2,-155.3,-165.1,-178.3,-195.1,-215.1,-236.7,-259.2,-281.5,-275.0,-284.9,-288.6,-288.1,-284.9,-289.3,-296.1,-299.8,-299.9,-293.9,-269.8,-257.4,-245.4,-232.9,-224.2,-222.2,-220.8,-224.5,-228.0,-261.4,-265.9,-267.2,-264.0,-261.0,-259.7,-269.4,-275.2,-276.4,-274.4,-270.4,-268.9,-198.4,-205.6,-209.3,-208.4,-211.3,-210.2,-206.4,-192.6,-185.8,-183.7,-183.4,-187.2,-198.5,-202.9,-203.2,-205.0,-205.1,-195.2,-193.2,-193.0,1193.0,1190.6,1190.1,1189.0,1185.0,1176.6,1163.5,1148.5,1143.8,1149.5,1163.3,1175.7,1181.8,1183.1,1182.2,1183.4,1186.5,1165.6,1160.5,1154.0,1147.4,1141.2,1139.1,1143.1,1146.9,1150.7,1154.2,1137.4,1130.4,1123.3,1116.3,1130.9,1127.4,1124.4,1126.3,1128.6,1157.8,1154.4,1152.9,1150.4,1151.2,1152.8,1147.0,1148.0,1148.7,1150.4,1147.1,1146.4,1147.4,1133.3,1126.2,1124.3,1124.9,1131.6,1143.1,1131.5,1123.9,1123.5,1125.0,1133.4,1144.9,1127.3,1125.5,1125.7,1140.9,1127.0,1126.6,1128.7
6,0,0,0.975,-86.2,-231.3,1149.0,0.136,-0.017,-0.123,-166.6,-163.0,-157.9,-151.6,-142.1,-128.3,-112.4,-94.4,-76.0,-59.0,-44.4,-31.5,-21.6,-16.6,-15.9,-16.4,-17.9,-155.1,-147.6,-135.3,-122.0,-109.3,-79.1,-67.5,-55.8,-43.6,-33.5,-91.2,-89.3,-87.4,-85.5,-100.3,-92.1,-83.9,-76.5,-69.7,-137.8,-129.7,-120.2,-111.0,-119.6,-128.8,-70.9,-63.0,-53.5,-45.1,-52.0,-61.2,-111.3,-101.2,-90.3,-82.3,-74.1,-62.5,-51.7,-59.8,-69.8,-79.0,-87.4,-99.3,-106.5,-89.7,-81.7,-73.2,-56.1,-71.8,-80.5,-88.8,-263.9,-243.3,-223.4,-204.4,-186.8,-172.1,-160.7,-152.6,-151.5,-155.6,-165.4,-178.5,-195.2,-215.1,-236.6,-258.9,-281.0,-275.6,-285.6,-289.3,-288.7,-285.6,-289.8,-296.5,-300.1,-300.1,-294.1,-270.4,-258.2,-246.1,-233.8,-224.7,-222.8,-221.3,-225.0,-228.5,-262.1,-266.8,-268.0,-264.5,-261.5,-260.3,-269.8,-275.7,-277.0,-274.7,-270.7,-269.2,-198.7,-206.2,-210.0,-209.1,-212.0,-210.8,-206.6,-193.6,-187.1,-184.9,-184.6,-188.2,-198.9,-203.5,-203.8,-205.6,-205.4,-196.5,-194.4,-194.2,1192.0,1189.3,1188.4,1186.8,1182.3,1173.4,1160.1,1144.7,1139.4,1145.0,1158.8,1171.4,1177.8,1179.2,1178.7,1180.3,1183.9,1163.7,1158.7,1152.2,1145.7,1139.6,1137.3,1141.4,1145.2,1149.1,1152.4,1135.5,1128.2,1120.8,1113.5,1128.3,1124.7,1121.5,1123.3,1125.7,1155.6,1152.1,1150.7,1148.1,1148.9,1150.5,1145.0,1146.0,1146.7,1148.3,1144.9,1144.2,1143.8,1129.7,1122.8,1120.9,1121.5,1128.1,1139.4,1127.4,1119.6,1119.2,1120.8,1129.3,1141.3,1123.8,1121.9,1122.2,1137.1,1123.0,1122.5,1124.7
7,0,0,0.975,-86.1,-233.9,1152.3,0.146,-0.014,-0.124,-166.8,-163.2,-158.1,-151.9,-142.4,-128.6,-112.6,-94.3,-75.6,-58.3,-43.4,-30.5,-20.7,-16.1,-15.6,-16.2,-17.7,-155.1,-147.6,-135.2,-121.8,-109.1,-78.9,-67.2,-55.3,-43.2,-33.2,-91.0,-89.1,-87.3,-85.4,-100.2,-92.0,-83.9,-76.4,-69.7,-137.7,-129.7,-120.2,-111.1,-119.6,-128.9,-70.7,-62.8,-53.3,-44.9,-51.8,-61.0,-111.3,-101.1,-90.3,-82.3,-74.1,-62.6,-51.6,-59.8,-69.8,-78.9,-87.4,-99.2,-106.5,-89.6,-81.7,-73.2,-56.1,-71.8,-80.5,-88.7,-266.4,-245.9,-226.1,-207.2,-189.7,-174.9,-163.5,-155.2,-154.1,-158.6,-168.8,-182.3,-199.2,-219.0,-240.2,-262.0,-283.6,-277.9,-287.9,-291.7,-291.1,-287.8,-292.0,-298.7,-302.2,-302.1,-295.9,-272.5,-260.3,-248.3,-236.0,-227.0,-225.1,-223.6,-227.2,-230.7,-264.4,-269.1,-270.3,-266.7,-263.7,-262.6,-272.0,-277.9,-279.2,-276.9,-272.9,-271.4,-201.3,-208.8,-212.5,-211.6,-214.5,-213.4,-209.3,-196.2,-189.6,-187.4,-187.1,-190.7,-201.6,-206.0,-206.3,-208.1,-208.1,-198.9,-196.8,-196.6,1195.9,1193.4,1192.4,1190.6,1186.2,1177.4,1164.3,1148.6,1143.2,1148.7,1162.4,1174.6,1180.7,1181.8,1181.1,1182.7,1186.2,1166.5,1161.4,1154.8,1148.1,1142.1,1139.8,1143.9,1147.7,1151.6,1155.1,1138.2,1131.0,1123.7,1116.6,1131.4,1127.8,1124.7,1126.4,1128.6,1158.4,1154.8,1153.3,1150.9,1151.6,1153.3,1147.9,1148.7,1149.4,1151.1,1147.7,1147.0,1147.1,1132.9,1125.9,1124.0,1124.5,1131.3,1142.7,1130.8,1122.9,1122.5,1124.1,1132.6,1144.7,1126.9,1125.0,1125.3,1140.4,1126.3,1125.8,1127.9
8,0,0,0.975,-85.6,-235.1,1150.4,0.139,-0.011,-0.119,-166.2,-162.7,-157.8,-151.7,-142.5,-128.8,-112.6,-94.1,-75.2,-57.7,-42.7,-29.8,-20.1,-15.6,-15.1,-15.5,-16.9,-154.5,-146.9,-134.4,-120.9,-108.1,-78.4,-66.6,-54.7,-42.4,-32.4,-90.4,-88.5,-86.8,-85.0,-99.8,-91.6,-83.4,-76.0,-69.3,-137.3,-129.2,-119.6,-110.4,-119.0,-128.4,-70.0,-62.0,-52.5,-44.0,-51.0,-60.3,-110.8,-100.9,-90.1,-82.0,-73.7,-62.1,-51.3,-59.5,-69.5,-78.8,-87.3,-99.0,-106.0,-89.4,-81.4,-72.8,-55.9,-71.4,-80.3,-88.6,-267.7,-247.4,-227.9,-209.2,-191.7,-176.7,-165.1,-156.7,-155.6,-160.1,-170.4,-183.7,-200.3,-219.9,-240.8,-262.3,-283.6,-279.5,-289.5,-293.2,-292.4,-288.9,-292.8,-299.6,-303.1,-303.1,-296.8,-273.4,-261.4,-249.6,-237.4,-228.2,-226.3,-224.9,-228.4,-231.8,-265.8,-270.5,-271.6,-267.9,-264.9,-263.8,-272.9,-278.8,-280.1,-277.7,-273.7,-272.2,-202.3,-210.0,-213.9,-213.0,-215.8,-214.4,-209.8,-197.3,-190.9,-188.8,-188.5,-192.0,-202.6,-207.1,-207.4,-209.2,-208.8,-200.4,-198.4,-198.2,1195.1,1192.5,1191.5,1189.7,1185.2,1176.1,1162.5,1146.5,1141.0,1146.7,1160.6,1173.0,1179.2,1180.4,1179.8,1181.6,1185.1,1165.4,1160.3,1153.5,1146.7,1140.7,1138.4,1142.4,1146.4,1150.5,1154.1,1136.7,1129.5,1122.2,1115.0,1129.9,1126.5,1123.3,1124.9,1127.1,1157.4,1153.7,1152.2,1149.7,1150.5,1152.2,1146.7,1147.6,1148.3,1150.1,1146.7,1145.9,1144.4,1130.3,1123.5,1121.6,1122.2,1128.8,1140.1,1128.4,1120.7,1120.2,1121.8,1130.1,1142.0,1124.6,1122.8,1123.1,1137.7,1124.0,1123.4,1125.6
9,0,0,0.975,-84.9,-236.0,1150.3,0.133,-0.01,-0.116,-165.5,-162.0,-157.2,-151.1,-141.9,-128.3,-112.2,-93.7,-74.8,-57.2,-42.2,-29.2,-19.6,-15.0,-14.4,-14.7,-16.0,-153.5,-145.9,-133.5,-120.0,-107.2,-77.4,-65.6,-53.6,-41.4,-31.5,-89.5,-87.7,-86.0,-84.3,-99.1,-90.9,-82.8,-75.4,-68.7,-136.3,-128.3,-118.7,-109.6,-118.1,-127.5,-69.2,-61.2,-51.6,-43.2,-50.2,-59.5,-110.0,-100.1,-89.5,-81.5,-73.3,-61.8,-51.0,-59.2,-69.1,-78.3,-86.7,-98.3,-105.2,-88.8,-80.8,-72.3,-55.6,-71.0,-79.7,-88.0,-268.6,-248.2,-228.6,-209.8,-192.3,-177.4,-165.9,-157.6,-156.5,-161.0,-171.2,-184.5,-201.1,-220.6,-241.4,-262.7,-284.0,-280.7,-290.7,-294.5,-293.7,-290.2,-294.0,-300.6,-304.1,-303.8,-297.4,-274.6,-262.6,-250.8,-238.6,-229.3,-227.4,-226.0,-229.4,-232.7,-267.0,-271.7,-272.8,-269.0,-266.0,-265.0,-273.8,-279.8,-280.9,-278.4,-274.5,-273.1,-203.0,-211.0,-214.9,-214.0,-216.8,-215.2,-210.3,-198.0,-191.8,-189.7,-189.4,-192.9,-203.4,-208.1,-208.3,-210.0,-209.4,-201.3,-199.3,-199.1,1195.4,1192.7,1191.5,1189.5,1184.9,1175.7,1162.1,1146.0,1140.4,1146.1,1160.0,1172.3,1178.6,1179.9,1179.5,1181.4,1185.1,1165.5,1160.5,1153.8,1147.1,1141.1,1138.8,1143.0,1146.9,1151.0,1154.4,1137.1,1129.8,1122.4,1115.2,1129.9,1126.5,1123.4,1124.9,1127.1,1157.4,1153.8,1152.2,1149.7,1150.5,1152.3,1147.0,1147.7,1148.5,1150.3,1146.8,1146.0,1144.0,1130.0,1123.3,1121.5,1122.0,1128.6,1139.8,1128.0,1120.3,1119.9,1121.5,1129.6,1141.6,1124.4,1122.6,1122.9,1137.4,1123.7,1123.1,1125.2
10,0,0,0.925,-84.0,-235.9,1147.1,0.11,-0.022,-0.106,-164.0,-160.9,-156.1,-149.9,-140.8,-127.4,-111.5,-93.1,-74.5,-57.7,-43.3,-30.6,-20.6,-15.4,-14.1,-14.0,-15.0,-151.9,-144.5,-132.2,-118.9,-106.3,-75.9,-64.1,-52.2,-40.0,-30.2,-88.5,-86.7,-84.9,-83.2,-97.8,-89.8,-81.8,-74.5,-67.8,-135.0,-127.0,-117.4,-108.2,-116.7,-126.1,-68.1,-60.2,-50.6,-42.3,-49.2,-58.5,-107.6,-98.4,-88.0,-80.3,-72.5,-61.3,-51.2,-58.6,-68.1,-76.9,-85.1,-96.4,-102.7,-87.3,-79.6,-71.6,-55.7,-70.3,-78.5,-86.5,-268.4,-248.2,-228.6,-209.9,-192.3,-177.2,-165.3,-156.8,-155.4,-159.3,-168.8,-181.5,-197.9,-217.7,-239.2,-261.4,-283.3,-281.6,-291.8,-295.5,-294.9,-291.6,-295.2,-301.7,-304.9,-304.4,-297.7,-275.4,-263.5,-251.8,-239.8,-230.2,-228.4,-227.0,-230.3,-233.5,-267.6,-272.4,-273.4,-269.7,-266.7,-265.7,-274.4,-280.1,-281.2,-278.7,-274.8,-273.5,-202.3,-211.4,-215.9,-214.9,-217.5,-215.2,-209.1,-196.5,-190.4,-188.5,-188.3,-191.9,-202.9,-208.6,-208.8,-210.3,-208.3,-200.6,-198.8,-198.7,1189.6,1186.8,1185.7,1183.7,1179.0,1169.9,1156.8,1141.8,1136.8,1142.6,1156.1,1168.7,1175.5,1177.3,1177.2,1179.0,1182.6,1162.2,1157.8,1151.5,1145.3,1139.7,1137.3,1141.7,1145.8,1149.8,1152.9,1135.1,1127.9,1120.6,1113.3,1126.7,1123.6,1120.8,1122.6,1125.0,1154.7,1151.4,1149.9,1147.3,1148.1,1149.9,1144.6,1145.6,1146.6,1148.4,1144.8,1143.9,1139.1,1125.6,1119.5,1117.7,1118.2,1124.5,1135.3,1124.1,1117.1,1116.8,1118.2,1125.6,1136.6,1120.8,1119.0,1119.2,1133.0,1120.4,1120.0,1121.9
11,0,0,0.975,-84.3,-239.1,1154.9,0.095,-0.021,-0.102,-164.6,-161.5,-156.8,-150.5,-141.2,-127.8,-112.0,-93.7,-75.2,-58.6,-44.1,-31.2,-21.1,-15.6,-14.1,-13.6,-14.3,-151.7,-144.5,-132.2,-118.7,-106.2,-76.2,-64.4,-52.4,-40.2,-30.4,-88.7,-87.0,-85.3,-83.7,-97.7,-90.0,-82.3,-75.2,-68.7,-134.9,-126.8,-117.4,-108.4,-116.7,-126.0,-68.4,-60.6,-51.2,-43.0,-49.9,-59.1,-106.2,-97.9,-88.0,-80.8,-73.7,-62.8,-53.4,-60.1,-69.2,-77.3,-85.0,-95.9,-101.3,-87.3,-80.2,-72.8,-57.8,-71.4,-79.0,-86.5,-270.9,-250.7,-231.2,-212.5,-194.9,-179.8,-168.0,-159.5,-157.9,-161.7,-171.0,-183.7,-199.9,-219.6,-241.3,-263.7,-285.8,-285.6,-296.1,-300.0,-299.3,-295.9,-299.6,-306.2,-309.5,-308.8,-301.9,-278.9,-267.3,-255.9,-244.2,-234.3,-232.4,-231.1,-234.3,-237.3,-270.6,-275.1,-276.2,-273.0,-269.9,-268.8,-277.8,-282.9,-283.9,-281.7,-277.9,-276.6,-205.0,-215.0,-220.0,-219.0,-221.4,-218.4,-211.3,-198.5,-192.5,-190.8,-190.6,-194.3,-205.8,-212.3,-212.6,-213.8,-210.7,-203.0,-201.5,-201.4,1196.4,1193.7,1192.6,1190.6,1185.5,1176.1,1162.9,1148.6,1144.2,1149.7,1162.4,1174.4,1181.2,1183.4,1184.0,1186.3,1190.0,1170.0,1166.3,1160.1,1154.1,1148.5,1145.6,1150.2,1154.4,1158.7,1161.8,1143.7,1136.8,1129.8,1122.9,1134.6,1132.0,1129.6,1131.3,1133.4,1162.7,1159.4,1158.0,1155.3,1156.2,1157.9,1152.6,1153.5,1154.5,1156.4,1152.9,1151.8,1144.7,1132.4,1126.8,1125.1,1125.5,1131.1,1141.1,1130.9,1125.1,1125.0,1126.2,1132.5,1142.4,1128.2,1126.5,1126.5,1139.1,1128.2,1127.9,1129.6
12,0,0,0.925,-84.9,-244.1,1169.8,0.056,-0.025,-0.099,-166.4,-163.3,-158.8,-152.7,-143.5,-130.0,-114.1,-95.6,-76.7,-59.5,-44.3,-30.7,-20.6,-15.4,-14.0,-13.3,-13.4,-152.7,-145.7,-133.3,-119.5,-106.7,-76.6,-64.6,-52.5,-40.2,-30.3,-89.0,-87.5,-86.0,-84.5,-98.2,-90.5,-83.0,-76.1,-69.6,-135.0,-126.6,-117.4,-108.6,-116.8,-125.8,-68.9,-60.9,-51.6,-43.4,-50.5,-59.6,-105.8,-97.6,-88.2,-81.3,-74.7,-64.4,-55.1,-61.9,-70.6,-78.1,-85.4,-95.7,-101.0,-87.5,-80.8,-73.9,-59.6,-72.6,-79.7,-86.8,-275.2,-255.0,-235.5,-216.7,-199.4,-184.8,-174.0,-166.0,-164.3,-168.0,-176.7,-188.9,-204.9,-224.6,-246.2,-268.3,-290.1,-291.3,-302.3,-306.7,-306.1,-302.6,-306.2,-312.6,-315.8,-314.9,-307.8,-283.3,-272.7,-262.4,-251.6,-240.2,-238.5,-237.4,-240.2,-243.0,-274.0,-277.8,-279.0,-276.8,-273.4,-272.2,-281.4,-285.5,-286.2,-284.7,-280.9,-279.7,-210.3,-220.6,-225.8,-224.8,-227.1,-223.7,-216.2,-204.7,-199.5,-198.0,-197.7,-200.8,-211.3,-217.9,-218.3,-219.3,-215.9,-209.8,-208.4,-208.2,1215.3,1211.3,1209.1,1206.2,1200.3,1190.6,1176.8,1162.5,1158.9,1164.8,1178.0,1190.1,1197.2,1199.8,1201.6,1205.2,1210.5,1188.9,1185.6,1178.9,1172.6,1166.4,1162.8,1168.4,1173.5,1178.7,1182.0,1161.7,1154.9,1148.1,1141.1,1151.0,1149.3,1147.1,1148.8,1150.7,1180.1,1176.3,1175.0,1172.6,1173.3,1174.7,1170.3,1171.2,1172.5,1174.8,1170.9,1169.5,1157.9,1146.7,1141.8,1140.3,1140.8,1145.8,1155.9,1144.6,1138.8,1138.7,1139.7,1145.6,1155.7,1142.9,1141.5,1141.4,1153.5,1142.4,1142.0,1143.5
13,0,0,0.925,-84.5,-247.0,1173.5,0.046,-0.019,-0.097,-166.5,-163.4,-158.9,-152.7,-143.6,-129.9,-113.6,-95.0,-76.1,-58.9,-43.5,-29.8,-19.6,-14.4,-13.0,-12.1,-12.0,-152.7,-145.7,-133.2,-119.2,-106.2,-75.9,-63.9,-51.7,-39.4,-29.5,-88.4,-87.0,-85.6,-84.3,-97.6,-90.1,-82.8,-75.9,-69.6,-134.8,-126.3,-117.0,-108.3,-116.5,-125.6,-68.2,-60.2,-50.8,-42.4,-49.6,-58.8,-104.6,-96.6,-87.7,-81.2,-75.1,-65.2,-56.0,-62.9,-71.2,-78.3,-85.1,-94.8,-99.9,-87.0,-80.7,-74.2,-60.5,-73.1,-79.8,-86.4,-277.9,-257.6,-238.1,-219.3,-202.1,-187.9,-177.9,-170.6,-169.2,-172.8,-181.2,-192.6,-207.9,-227.2,-248.3,-270.1,-291.6,-294.1,-305.3,-309.9,-309.3,-305.7,-309.3,-315.6,-318.8,-317.8,-310.6,-285.9,-275.5,-265.4,-254.8,-243.0,-241.5,-240.4,-243.0,-245.7,-276.6,-280.5,-281.7,-279.2,-275.7,-274.6,-283.7,-288.0,-288.7,-287.0,-283.1,-281.9,-213.1,-223.3,-228.5,-227.5,-229.7,-226.0,-218.5,-208.2,-203.6,-202.2,-202.0,-204.6,-214.3,-220.7,-221.0,-222.0,-218.4,-213.5,-212.3,-212.1,1221.7,1217.4,1214.8,1211.4,1205.3,1195.2,1180.6,1166.2,1162.4,1168.5,1181.8,1194.0,1201.4,1204.3,1206.5,1210.5,1216.0,1194.3,1191.2,1184.3,1177.5,1170.9,1167.1,1172.8,1178.0,1183.4,1186.9,1166.2,1159.4,1152.3,1145.2,1154.9,1153.5,1151.4,1152.8,1154.5,1185.1,1181.1,1179.6,1177.1,1177.8,1179.5,1174.7,1175.8,1177.1,1179.7,1175.5,1174.0,1160.5,1150.1,1145.5,1144.1,1144.6,1149.3,1158.9,1147.7,1142.3,1142.2,1143.0,1148.7,1158.3,1146.4,1145.1,1145.0,1156.3,1145.9,1145.6,1146.9
14,0,0,0.975,-83.5,-246.8,1164.5,0.04,-0.01,-0.085,-164.4,-161.7,-157.6,-151.9,-143.2,-129.8,-113.6,-95.3,-76.4,-58.7,-42.9,-28.9,-18.4,-13.2,-11.7,-10.8,-10.7,-151.0,-144.0,-131.4,-117.5,-104.3,-74.5,-62.3,-50.1,-37.8,-27.9,-87.1,-85.7,-84.4,-83.2,-96.9,-89.4,-81.9,-74.9,-68.5,-133.6,-125.3,-116.2,-107.5,-115.6,-124.5,-66.7,-58.6,-49.4,-41.2,-48.5,-57.5,-104.5,-95.9,-87.1,-80.7,-74.4,-64.7,-55.3,-63.0,-71.4,-78.4,-85.2,-94.6,-99.7,-86.5,-80.1,-73.6,-59.8,-73.1,-79.8,-86.3,-278.0,-258.1,-238.7,-220.0,-202.9,-188.9,-179.1,-172.0,-170.5,-173.7,-181.7,-192.7,-207.5,-226.2,-246.9,-268.3,-289.2,-294.2,-305.0,-309.5,-308.5,-304.8,-308.0,-314.0,-317.1,-316.2,-309.0,-286.2,-275.1,-264.3,-253.1,-242.3,-240.5,-239.2,-241.9,-244.6,-277.9,-281.4,-282.6,-280.3,-277.0,-276.0,-284.3,-288.1,-288.6,-286.9,-283.3,-282.5,-213.2,-222.2,-226.9,-225.7,-227.9,-224.4,-217.8,-209.4,-205.7,-204.5,-204.3,-206.4,-214.2,-219.0,-219.2,-220.0,-217.6,-216.0,-214.9,-214.7,1214.8,1211.2,1209.4,1206.5,1200.0,1188.5,1172.1,1156.3,1152.2,1158.8,1173.6,1187.1,1195.4,1198.4,1199.9,1202.5,1207.2,1187.6,1183.8,1176.9,1169.9,1162.8,1159.5,1164.8,1169.8,1174.5,1177.9,1157.9,1150.5,1142.8,1135.1,1146.3,1144.4,1142.0,1143.5,1145.4,1177.7,1173.6,1171.9,1169.5,1170.1,1171.9,1166.9,1167.7,1168.8,1171.2,1167.3,1166.2,1151.8,1141.3,1136.8,1135.4,1135.9,1140.5,1150.0,1138.5,1133.1,1132.7,1133.6,1139.5,1149.0,1137.8,1136.5,1136.6,1147.1,1136.5,1136.1,1137.5
15,0,0,0.975,-82.2,-244.8,1155.3,0.059,-0.01,-0.086,-162.2,-159.6,-155.8,-150.3,-141.6,-128.2,-112.2,-94.2,-75.3,-57.4,-41.6,-27.6,-17.1,-11.8,-10.4,-9.9,-10.1,-149.8,-142.4,-129.9,-116.0,-102.9,-73.2,-61.1,-48.8,-36.5,-26.6,-85.8,-84.4,-83.1,-81.8,-96.0,-88.2,-80.5,-73.2,-66.6,-132.5,-124.3,-115.2,-106.4,-114.6,-123.5,-65.2,-57.2,-47.9,-39.7,-47.0,-56.0,-105.7,-95.7,-86.3,-79.2,-71.9,-61.6,-51.4,-60.3,-69.5,-77.4,-84.8,-94.7,-101.0,-85.8,-78.7,-71.2,-55.9,-71.1,-78.6,-85.8,-275.8,-256.1,-236.9,-218.4,-201.5,-187.8,-178.2,-171.2,-169.8,-172.9,-180.9,-191.8,-206.6,-225.1,-245.5,-266.5,-287.2,-292.0,-302.2,-306.3,-305.3,-301.7,-304.9,-311.2,-314.3,-313.4,-306.5,-284.5,-272.8,-261.4,-249.7,-239.0,-237.1,-235.7,-238.5,-241.4,-276.5,-280.3,-281.5,-278.8,-275.7,-274.6,-282.7,-287.1,-287.7,-285.6,-282.1,-281.2,-211.3,-218.2,-221.9,-220.7,-223.0,-220.7,-216.2,-208.7,-205.1,-203.8,-203.7,-205.5,-211.8,-214.8,-214.8,-216.1,-215.7,-214.5,-213.3,-213.1,1205.1,1201.4,1199.9,1197.5,1190.8,1179.2,1162.3,1146.0,1141.1,1148.0,1163.9,1178.2,1186.7,1189.9,1190.9,1193.0,1197.7,1177.8,1172.8,1165.8,1158.4,1151.2,1148.5,1153.6,1158.7,1163.2,1167.0,1146.5,1138.6,1130.2,1122.0,1135.9,1133.2,1130.3,1132.1,1134.3,1167.5,1163.5,1161.8,1159.7,1160.0,1161.7,1156.4,1157.4,1158.3,1160.6,1156.7,1155.8,1145.1,1133.3,1128.2,1126.7,1127.3,1132.8,1143.2,1130.6,1123.9,1123.0,1124.3,1131.7,1141.9,1128.9,1127.5,1127.9,1140.1,1127.1,1126.4,1128.1
16,0,0,0.975,-82.3,-244.1,1155.5,0.087,0.014,-0.092,-161.4,-158.8,-154.8,-149.3,-140.4,-126.8,-110.7,-93.0,-74.3,-56.4,-40.5,-26.6,-16.0,-10.8,-9.6,-9.3,-9.7,-150.0,-142.7,-130.3,-116.6,-103.6,-73.7,-61.5,-49.2,-36.9,-27.1,-86.3,-85.0,-83.8,-82.7,-96.4,-88.7,-81.0,-73.7,-67.0,-132.6,-124.6,-115.4,-106.5,-114.7,-123.7,-65.5,-57.4,-48.1,-39.8,-47.0,-56.1,-107.2,-97.1,-87.4,-79.6,-71.6,-60.7,-50.0,-59.1,-68.9,-77.7,-85.7,-96.1,-102.5,-86.8,-79.0,-70.8,-54.5,-70.5,-78.8,-86.7,-275.7,-255.9,-236.7,-218.1,-201.2,-187.3,-177.3,-170.0,-168.7,-172.2,-180.9,-191.9,-206.8,-225.1,-245.2,-266.0,-286.7,-291.2,-301.3,-305.3,-304.3,-300.5,-303.6,-310.0,-313.0,-312.1,-305.4,-283.3,-271.6,-260.1,-248.3,-237.6,-235.7,-234.3,-237.1,-240.1,-275.9,-280.0,-281.0,-277.8,-274.8,-273.9,-281.5,-286.4,-287.2,-284.8,-281.1,-280.2,-210.9,-217.1,-220.4,-219.3,-221.8,-219.9,-216.1,-207.4,-202.9,-201.3,-201.2,-203.7,-211.2,-213.7,-213.7,-215.2,-215.4,-212.0,-210.5,-210.4,1205.3,1202.0,1200.8,1198.5,1191.4,1179.4,1162.3,1145.9,1140.9,1147.5,1162.6,1175.8,1183.1,1185.9,1186.4,1188.6,1193.1,1177.0,1171.5,1164.2,1156.3,1149.0,1145.8,1150.1,1154.8,1158.8,1162.5,1144.3,1136.5,1128.2,1120.2,1135.4,1132.3,1129.2,1130.6,1132.5,1166.3,1162.3,1160.5,1158.4,1158.7,1160.6,1153.8,1154.6,1155.2,1157.2,1153.6,1153.0,1146.5,1134.0,1128.4,1126.6,1127.1,1132.6,1142.8,1131.2,1124.5,1123.7,1125.2,1133.0,1143.5,1129.1,1127.5,1127.8,1140.0,1127.5,1126.9,1128.9
17,0,0,0.975,-82.4,-241.3,1147.6,0.104,0.036,-0.104,-160.4,-157.7,-153.6,-147.7,-138.6,-125.1,-109.4,-92.1,-73.5,-55.6,-39.6,-25.5,-15.0,-9.9,-9.0,-9.0,-9.8,-149.6,-142.3,-130.4,-117.2,-104.6,-74.7,-62.7,-50.5,-38.2,-28.3,-87.2,-86.0,-84.9,-83.7,-97.3,-89.5,-81.7,-74.3,-67.5,-132.9,-125.0,-115.9,-107.0,-115.3,-124.2,-66.2,-58.2,-48.9,-40.5,-47.8,-56.9,-107.0,-97.4,-87.5,-80.2,-72.5,-61.2,-50.0,-59.3,-69.2,-77.6,-85.4,-95.9,-102.5,-86.8,-79.4,-71.6,-54.6,-70.9,-78.9,-86.4,-273.1,-253.2,-233.8,-215.1,-198.0,-183.8,-173.6,-166.2,-165.0,-168.9,-178.2,-189.9,-205.1,-223.5,-243.5,-264.1,-284.5,-288.3,-297.8,-301.5,-300.5,-296.6,-299.9,-306.3,-309.5,-308.9,-302.5,-280.1,-268.3,-256.8,-244.9,-234.9,-233.0,-231.6,-234.6,-237.7,-273.0,-277.0,-278.0,-274.9,-272.0,-271.0,-279.0,-283.9,-284.7,-282.5,-279.0,-277.9,-208.4,-215.1,-218.7,-217.7,-220.2,-218.5,-214.5,-204.2,-199.1,-197.4,-197.2,-199.9,-208.6,-211.9,-212.1,-213.6,-213.6,-208.5,-206.9,-206.7,1198.5,1195.6,1194.5,1192.4,1186.1,1174.5,1157.5,1140.6,1134.9,1140.7,1155.0,1167.7,1174.6,1176.5,1176.4,1178.3,1182.6,1168.8,1163.2,1156.0,1148.2,1140.8,1136.9,1141.1,1145.2,1148.8,1151.9,1135.6,1127.8,1119.5,1111.5,1127.0,1123.7,1120.4,1121.8,1123.7,1159.0,1154.6,1152.5,1150.0,1150.8,1153.0,1144.7,1145.3,1145.8,1147.5,1144.1,1143.6,1140.6,1126.8,1120.1,1118.2,1118.6,1124.3,1135.2,1123.2,1116.2,1115.7,1117.4,1125.9,1137.5,1121.2,1119.4,1119.5,1132.6,1119.3,1118.9,1121.1
18,0,0,0.975,-82.4,-237.2,1138.5,0.112,0.065,-0.114,-158.8,-156.1,-151.6,-145.4,-136.0,-122.7,-107.6,-90.7,-72.5,-54.9,-38.9,-24.8,-14.4,-9.4,-8.6,-8.8,-9.9,-149.0,-141.7,-130.0,-117.2,-105.2,-76.4,-64.5,-52.2,-39.8,-29.6,-88.2,-87.1,-86.0,-84.9,-98.0,-90.2,-82.4,-74.9,-67.9,-132.6,-124.9,-115.6,-106.7,-115.1,-124.2,-67.3,-59.3,-50.0,-41.5,-48.8,-57.9,-107.1,-98.3,-88.3,-80.6,-72.5,-60.6,-48.9,-57.9,-68.1,-77.1,-85.3,-96.2,-102.4,-87.3,-79.6,-71.3,-53.7,-70.1,-78.6,-86.5,-270.3,-249.9,-229.8,-210.6,-193.0,-178.2,-167.1,-159.1,-157.9,-161.9,-171.6,-184.2,-200.1,-219.3,-240.0,-261.1,-282.0,-284.5,-294.1,-297.5,-296.4,-292.4,-295.5,-301.9,-305.2,-304.6,-298.1,-275.9,-264.3,-253.0,-241.3,-230.9,-229.1,-227.8,-231.0,-234.1,-269.0,-273.2,-274.1,-270.5,-267.8,-266.9,-274.5,-279.9,-280.7,-278.4,-274.8,-273.6,-204.0,-212.0,-216.2,-215.2,-217.9,-215.9,-211.0,-199.2,-193.3,-191.3,-191.0,-194.2,-204.3,-208.8,-209.1,-210.7,-210.1,-203.2,-201.4,-201.3,1189.6,1186.8,1185.5,1183.3,1177.2,1166.0,1150.4,1133.4,1127.1,1131.6,1144.0,1155.7,1161.3,1162.9,1162.7,1164.7,1168.7,1159.4,1154.0,1146.6,1139.2,1132.6,1127.1,1130.5,1134.1,1137.3,1139.7,1126.7,1119.1,1111.2,1103.5,1119.0,1115.1,1111.4,1112.7,1114.6,1150.4,1145.7,1143.5,1140.6,1141.9,1144.3,1134.4,1134.5,1134.6,1135.8,1132.7,1132.6,1132.8,1117.7,1110.6,1108.2,1108.2,1113.7,1124.6,1113.2,1106.3,1106.3,1108.4,1117.3,1129.8,1111.9,1109.6,1109.3,1122.4,1109.6,1109.6,1112.2
19,0,0,0.975,-82.8,-234.3,1131.4,0.123,0.087,-0.121,-158.3,-155.4,-150.7,-144.4,-135.2,-122.1,-107.2,-90.6,-72.2,-54.2,-37.8,-23.4,-13.2,-8.7,-8.2,-8.7,-9.8,-149.4,-142.5,-130.9,-118.1,-106.1,-77.6,-65.6,-53.2,-40.6,-30.4,-89.1,-88.1,-87.2,-86.2,-99.0,-91.1,-83.3,-75.7,-68.6,-133.1,-125.5,-116.3,-107.3,-115.7,-124.8,-67.9,-59.8,-50.4,-41.8,-49.2,-58.4,-107.3,-99.1,-89.3,-81.5,-73.3,-61.1,-49.1,-58.3,-68.8,-77.9,-86.1,-96.8,-102.8,-88.2,-80.5,-72.0,-53.9,-70.6,-79.3,-87.2,-268.0,-247.6,-227.7,-208.6,-190.8,-175.9,-164.6,-156.4,-155.3,-159.5,-169.5,-182.2,-198.4,-217.5,-238.0,-258.9,-279.6,-280.7,-290.5,-294.0,-292.9,-288.9,-291.9,-298.4,-301.6,-301.1,-294.5,-272.5,-260.9,-249.6,-238.0,-227.8,-226.0,-224.7,-228.0,-231.2,-265.7,-269.9,-270.8,-267.2,-264.5,-263.6,-271.2,-276.7,-277.6,-275.3,-271.6,-270.4,-201.3,-209.2,-213.3,-212.3,-215.1,-213.3,-208.5,-196.9,-190.8,-188.8,-188.5,-191.5,-201.6,-206.2,-206.4,-208.1,-207.6,-200.4,-198.5,-198.3,1185.1,1182.2,1180.6,1178.2,1172.4,1161.2,1145.4,1127.8,1120.6,1124.7,1136.8,1148.3,1153.7,1154.8,1154.4,1156.4,1160.5,1153.8,1148.1,1140.2,1132.2,1125.3,1119.2,1122.2,1125.4,1128.4,1130.7,1119.2,1111.6,1103.7,1095.9,1112.2,1108.1,1104.1,1105.0,1106.8,1144.3,1139.4,1136.9,1133.7,1135.4,1138.0,1126.7,1126.6,1126.4,1127.5,1124.6,1124.7,1126.5,1110.9,1103.5,1101.0,1100.8,1106.2,1117.1,1105.6,1098.6,1098.9,1101.2,1110.5,1123.5,1104.7,1102.2,1101.8,1114.9,1102.0,1102.3,1105.1
20,0,0,0.975,-85.7,-235.3,1143.6,0.152,0.115,-0.113,-158.9,-156.3,-152.0,-146.3,-137.8,-125.5,-111.0,-94.7,-76.5,-58.5,-41.4,-26.1,-14.3,-8.6,-7.8,-8.1,-9.2,-151.7,-145.0,-133.6,-121.0,-109.2,-80.9,-68.7,-56.2,-43.3,-32.3,-92.4,-91.5,-90.7,-89.9,-102.4,-94.6,-86.8,-79.1,-71.9,-136.0,-128.3,-119.1,-110.0,-118.5,-127.5,-70.3,-62.3,-52.8,-43.9,-51.5,-60.7,-110.9,-103.0,-93.2,-85.3,-76.8,-64.0,-51.3,-61.1,-72.3,-81.7,-90.1,-100.7,-106.3,-92.3,-84.4,-75.7,-56.0,-74.1,-83.1,-91.2,-269.4,-249.7,-230.8,-212.5,-195.3,-180.4,-168.8,-159.9,-158.0,-161.5,-170.4,-182.2,-197.8,-216.9,-238.0,-259.9,-281.5,-281.5,-290.9,-293.9,-292.8,-288.9,-291.9,-298.5,-301.8,-301.4,-295.1,-272.5,-260.9,-249.5,-237.7,-228.5,-226.6,-225.1,-228.3,-231.4,-266.4,-270.5,-271.4,-267.6,-265.1,-264.3,-271.6,-277.1,-278.1,-275.9,-272.1,-270.8,-202.9,-210.3,-214.1,-213.0,-215.7,-213.9,-209.3,-196.9,-190.5,-188.6,-188.5,-192.3,-203.1,-207.1,-207.2,-208.8,-208.4,-200.2,-198.5,-198.5,1196.0,1192.6,1191.5,1190.3,1186.1,1175.8,1159.8,1141.5,1133.4,1136.4,1148.1,1159.2,1164.7,1166.1,1165.4,1167.0,1170.5,1167.0,1160.6,1152.1,1143.4,1135.6,1128.5,1130.6,1132.9,1135.0,1136.7,1129.2,1122.1,1114.8,1107.5,1124.4,1120.0,1115.7,1116.3,1117.3,1157.4,1151.9,1149.0,1145.2,1147.5,1150.5,1135.4,1135.0,1134.5,1135.1,1132.7,1133.2,1140.8,1124.6,1116.1,1113.0,1112.2,1117.2,1127.6,1117.1,1110.7,1111.8,1114.8,1125.2,1137.5,1117.5,1114.3,1113.1,1126.0,1113.8,1115.0,1118.5
21,0,0,0.975,-87.6,-236.7,1158.8,0.185,0.112,-0.099,-159.6,-157.7,-154.2,-149.4,-142.2,-130.9,-116.6,-99.7,-81.2,-62.8,-45.0,-28.4,-15.1,-8.2,-7.0,-7.1,-7.8,-153.3,-146.9,-135.7,-123.1,-111.3,-82.8,-70.4,-57.7,-44.6,-33.0,-94.7,-93.7,-92.9,-92.1,-104.4,-96.5,-88.7,-81.0,-73.7,-137.8,-130.1,-120.7,-111.5,-120.0,-129.1,-71.5,-63.6,-54.0,-44.9,-52.5,-61.9,-112.9,-104.8,-95.1,-87.1,-78.6,-65.7,-52.7,-62.8,-74.2,-83.7,-92.1,-102.6,-108.1,-94.3,-86.3,-77.6,-57.4,-76.3,-85.3,-93.5,-272.2,-253.6,-235.9,-218.8,-202.0,-186.6,-173.9,-163.3,-160.2,-163.0,-171.0,-182.5,-198.0,-217.7,-239.7,-262.5,-285.3,-282.9,-292.0,-294.6,-293.3,-289.7,-292.6,-299.4,-302.8,-302.5,-296.3,-272.6,-261.2,-249.9,-238.2,-229.5,-227.3,-225.8,-229.0,-231.9,-267.3,-271.1,-272.0,-268.3,-265.8,-265.0,-272.2,-277.8,-278.8,-276.8,-272.8,-271.4,-204.4,-211.3,-214.9,-213.7,-216.3,-214.7,-210.4,-198.2,-191.8,-190.1,-190.1,-194.0,-204.5,-207.8,-207.8,-209.2,-209.6,-201.5,-200.1,-200.3,1206.9,1203.4,1203.0,1203.5,1201.8,1193.6,1179.0,1160.7,1151.7,1154.0,1165.2,1176.7,1182.8,1184.5,1183.6,1184.2,1186.6,1182.3,1175.4,1166.5,1157.7,1149.9,1141.8,1143.0,1144.9,1146.5,1147.7,1143.5,1137.2,1130.7,1124.3,1140.7,1136.5,1132.4,1132.8,1133.4,1173.1,1167.1,1163.9,1160.0,1162.7,1165.9,1148.7,1147.9,1147.2,1147.7,1145.6,1146.4,1157.1,1140.6,1132.2,1128.7,1127.3,1132.3,1142.6,1132.5,1126.2,1128.0,1131.2,1141.9,1153.6,1133.8,1130.2,1128.3,1141.0,1129.0,1130.8,1134.7
22,0,0,0.975,-89.0,-237.6,1178.0,0.196,0.145,-0.118,-161.7,-159.4,-155.3,-149.9,-141.8,-129.8,-115.6,-99.1,-81.0,-63.1,-44.8,-27.7,-14.2,-7.4,-6.4,-6.5,-7.0,-155.4,-149.2,-138.3,-125.8,-114.0,-85.7,-73.0,-60.1,-46.5,-34.3,-96.9,-95.8,-95.0,-94.2,-105.7,-97.9,-90.4,-82.8,-75.6,-138.9,-131.2,-122.0,-113.0,-121.3,-130.3,-73.9,-66.2,-56.6,-47.3,-55.0,-64.4,-113.2,-105.6,-96.5,-89.0,-81.0,-68.1,-54.4,-65.1,-76.5,-85.4,-93.4,-103.4,-108.5,-95.6,-88.0,-79.8,-59.3,-78.6,-87.1,-94.8,-273.7,-254.4,-236.1,-218.4,-201.6,-186.6,-174.6,-164.6,-161.9,-164.9,-172.9,-184.2,-199.7,-219.5,-241.7,-264.8,-287.9,-283.4,-292.7,-295.5,-294.4,-290.8,-293.9,-300.9,-304.4,-304.3,-298.2,-272.3,-261.5,-250.9,-239.8,-230.0,-228.1,-226.9,-230.0,-232.7,-266.2,-269.7,-270.7,-267.5,-264.5,-263.6,-271.7,-277.0,-278.1,-276.5,-272.2,-270.6,-204.9,-211.8,-215.6,-214.5,-217.0,-215.3,-211.4,-199.2,-193.1,-191.5,-191.4,-195.1,-205.2,-208.4,-208.4,-209.8,-210.5,-202.7,-201.4,-201.5,1229.8,1225.8,1224.6,1224.1,1221.1,1212.4,1197.9,1180.1,1171.5,1172.7,1182.6,1192.6,1197.2,1198.3,1197.9,1198.9,1201.8,1202.3,1195.5,1186.0,1176.8,1168.3,1158.0,1159.5,1161.3,1163.3,1164.7,1161.9,1156.5,1150.9,1145.3,1160.5,1156.6,1152.5,1152.4,1152.4,1192.4,1185.9,1182.6,1178.5,1181.2,1184.7,1165.8,1164.8,1163.9,1164.1,1162.3,1163.2,1176.6,1160.4,1151.8,1148.2,1146.3,1150.5,1160.5,1150.4,1144.7,1147.0,1150.4,1161.4,1173.1,1153.1,1149.5,1147.1,1159.1,1147.6,1149.8,1153.8
23,0,0,0.975,-89.7,-236.3,1184.7,0.211,0.148,-0.132,-162.2,-159.8,-155.7,-150.1,-141.9,-129.8,-115.7,-99.2,-81.0,-62.8,-44.2,-26.8,-13.3,-6.7,-6.1,-6.7,-7.5,-156.6,-150.6,-140.0,-127.5,-115.8,-87.7,-75.0,-61.9,-48.2,-35.8,-98.3,-97.1,-96.1,-95.2,-106.3,-98.5,-91.0,-83.6,-76.5,-139.9,-132.3,-123.3,-114.3,-122.6,-131.3,-75.1,-67.4,-57.9,-48.5,-56.4,-65.6,-113.1,-105.7,-97.0,-89.5,-81.6,-68.9,-55.1,-66.0,-77.2,-86.0,-93.8,-103.4,-108.5,-96.0,-88.5,-80.5,-59.9,-79.3,-87.7,-95.3,-272.2,-253.3,-235.3,-218.0,-201.4,-186.6,-174.6,-164.2,-161.3,-164.4,-172.7,-184.4,-200.2,-220.3,-242.7,-265.9,-289.1,-281.6,-290.9,-293.7,-292.7,-289.2,-292.6,-299.9,-303.7,-303.7,-298.0,-270.1,-259.5,-249.2,-238.3,-228.4,-226.6,-225.3,-228.5,-231.2,-263.2,-266.3,-267.5,-265.0,-261.8,-260.7,-269.7,-274.6,-275.7,-274.7,-270.3,-268.6,-203.7,-210.2,-213.8,-212.7,-215.3,-213.9,-210.7,-198.8,-192.8,-191.2,-191.0,-194.5,-203.9,-206.7,-206.8,-208.2,-209.8,-202.1,-200.8,-200.8,1237.2,1233.2,1232.2,1232.1,1229.4,1221.0,1206.7,1188.9,1180.4,1181.4,1191.4,1201.1,1205.4,1206.2,1205.8,1206.8,1209.6,1209.9,1202.9,1192.9,1183.4,1174.6,1163.4,1165.1,1167.2,1169.6,1171.4,1168.5,1163.3,1157.7,1152.2,1167.7,1163.9,1159.7,1159.4,1159.2,1199.9,1193.1,1189.7,1185.5,1188.3,1191.8,1172.4,1171.4,1170.5,1170.8,1169.0,1169.9,1183.3,1167.2,1158.7,1155.1,1153.2,1157.3,1167.5,1157.0,1151.4,1153.8,1157.2,1168.2,1179.6,1160.0,1156.4,1153.9,1165.9,1154.3,1156.6,1160.7
24,0,0,0.975,-88.4,-233.0,1177.1,0.217,0.139,-0.146,-160.8,-158.3,-154.1,-148.6,-140.7,-128.8,-114.6,-97.6,-79.0,-60.6,-42.1,-25.1,-11.7,-5.3,-5.1,-6.2,-7.5,-155.7,-150.3,-139.6,-127.1,-115.2,-87.3,-74.7,-62.0,-48.4,-35.8,-98.0,-96.5,-95.3,-94.2,-105.2,-97.3,-89.7,-82.2,-75.0,-139.0,-131.6,-122.8,-113.7,-121.8,-130.3,-74.0,-66.2,-57.0,-47.8,-55.5,-64.5,-111.1,-103.5,-94.9,-87.4,-79.6,-67.2,-53.9,-64.4,-75.1,-83.9,-91.6,-100.9,-106.3,-93.8,-86.2,-78.2,-58.7,-77.9,-86.1,-93.7,-266.2,-248.6,-231.9,-215.6,-199.4,-184.3,-171.6,-160.9,-158.2,-161.7,-170.6,-182.7,-198.7,-218.7,-241.0,-263.9,-286.7,-277.4,-286.3,-288.8,-287.7,-284.5,-288.2,-295.6,-299.7,-300.2,-295.2,-267.2,-255.9,-244.8,-233.2,-224.3,-222.3,-221.2,-224.7,-227.8,-260.7,-263.6,-265.0,-263.1,-259.8,-258.5,-268.3,-272.6,-273.7,-273.2,-268.9,-267.3,-199.4,-205.1,-208.8,-207.8,-210.6,-209.7,-207.3,-196.8,-191.2,-189.3,-189.0,-191.6,-199.5,-201.5,-201.7,-203.4,-206.2,-201.0,-199.5,-199.4,1227.7,1224.8,1225.2,1226.1,1223.6,1214.4,1198.6,1180.5,1172.5,1175.0,1186.1,1197.1,1202.6,1203.5,1201.8,1200.7,1201.8,1203.3,1195.4,1185.4,1176.1,1167.3,1156.9,1158.1,1159.9,1161.4,1162.7,1161.3,1155.6,1149.7,1143.9,1160.3,1156.5,1152.6,1152.7,1152.8,1193.3,1186.8,1183.3,1179.4,1182.1,1185.7,1165.8,1164.5,1163.6,1163.9,1162.5,1163.5,1175.0,1159.2,1151.7,1148.3,1146.4,1150.2,1159.8,1149.6,1144.3,1146.1,1149.5,1159.8,1170.9,1153.5,1150.0,1147.6,1157.9,1146.6,1148.7,1152.6
25,0,0,0.975,-87.0,-228.2,1162.7,0.229,0.145,-0.161,-158.6,-155.8,-151.2,-145.1,-136.8,-124.9,-110.8,-94.3,-76.3,-58.2,-40.3,-23.6,-10.3,-4.0,-3.9,-5.4,-7.4,-154.2,-148.8,-138.0,-125.7,-114.1,-86.9,-74.5,-61.8,-48.2,-35.5,-97.3,-95.7,-94.4,-93.1,-104.0,-96.3,-88.5,-81.0,-73.8,-138.0,-130.8,-122.1,-112.9,-121.0,-129.5,-73.5,-65.8,-56.6,-47.5,-55.2,-64.1,-108.8,-101.6,-93.4,-86.1,-78.4,-66.1,-52.8,-63.2,-73.7,-82.3,-89.9,-99.0,-104.1,-92.2,-84.8,-76.9,-57.6,-76.5,-84.6,-92.0,-261.0,-243.4,-226.7,-210.4,-194.2,-179.1,-166.4,-155.9,-153.5,-157.3,-166.5,-179.1,-195.4,-215.3,-237.6,-260.4,-283.1,-271.7,-280.1,-282.5,-281.4,-278.2,-282.3,-289.7,-294.1,-294.8,-289.9,-262.7,-250.8,-239.1,-227.0,-219.1,-217.1,-215.9,-219.6,-222.9,-256.6,-259.7,-261.1,-259.0,-255.9,-254.5,-264.7,-269.4,-270.6,-270.0,-265.6,-264.0,-194.4,-200.0,-203.7,-202.8,-205.7,-204.9,-202.7,-192.3,-186.7,-184.8,-184.5,-186.9,-194.5,-196.7,-196.9,-198.7,-201.6,-196.6,-195.0,-194.8,1214.1,1211.7,1212.4,1213.5,1211.1,1202.0,1186.0,1167.4,1158.9,1161.2,1172.5,1183.8,1189.7,1190.7,1188.7,1187.0,1187.6,1188.9,1180.6,1170.7,1161.4,1152.6,1142.7,1143.8,1145.4,1146.8,1148.5,1146.4,1140.3,1133.9,1127.8,1145.5,1141.1,1136.9,1137.1,1137.4,1179.3,1172.8,1169.2,1165.0,1167.8,1171.6,1151.4,1150.1,1149.1,1149.4,1147.9,1149.0,1161.3,1145.1,1137.4,1134.0,1132.0,1136.2,1145.8,1135.6,1130.4,1132.3,1135.8,1146.0,1156.9,1139.4,1135.8,1133.6,1143.9,1132.6,1134.7,1138.7
26,0,0,0.975,-85.6,-223.4,1150.8,0.253,0.159,-0.166,-156.1,-153.2,-148.4,-142.0,-133.4,-121.3,-107.5,-91.6,-74.2,-56.6,-39.0,-22.7,-9.6,-3.2,-3.1,-4.8,-7.0,-152.5,-147.1,-136.5,-124.4,-112.9,-85.6,-73.4,-60.7,-47.2,-34.7,-96.2,-94.7,-93.5,-92.4,-102.4,-95.0,-87.5,-80.1,-73.0,-136.4,-129.4,-120.5,-111.3,-119.4,-128.0,-72.4,-64.9,-55.6,-46.5,-53.9,-63.0,-107.3,-100.2,-92.0,-84.6,-76.8,-64.3,-50.9,-61.3,-72.1,-80.9,-88.6,-97.7,-102.8,-90.9,-83.4,-75.3,-55.6,-74.8,-83.1,-90.6,-257.2,-239.3,-222.4,-205.9,-189.5,-174.3,-161.4,-150.8,-148.4,-152.2,-161.8,-174.6,-191.0,-210.8,-232.9,-255.6,-278.3,-267.2,-275.4,-277.5,-276.2,-273.1,-277.0,-284.5,-288.8,-289.3,-284.5,-258.1,-246.1,-234.3,-222.1,-213.9,-211.9,-210.7,-214.2,-217.4,-252.7,-256.3,-257.6,-254.7,-251.6,-250.3,-259.9,-265.4,-266.6,-265.5,-260.9,-259.3,-189.5,-194.2,-197.5,-196.5,-199.4,-199.0,-197.5,-186.5,-180.6,-178.7,-178.5,-181.5,-189.4,-190.9,-191.0,-192.9,-196.2,-190.1,-188.4,-188.5,1201.5,1199.3,1200.0,1201.0,1197.8,1188.6,1173.3,1155.6,1147.0,1148.7,1159.4,1169.7,1174.6,1175.3,1173.2,1171.2,1171.5,1175.6,1166.7,1156.7,1147.3,1138.6,1128.6,1129.1,1130.6,1131.7,1133.5,1132.1,1125.9,1119.3,1113.0,1132.2,1127.5,1123.3,1123.3,1123.5,1166.0,1159.6,1155.8,1151.6,1154.5,1158.4,1137.1,1135.8,1134.6,1134.8,1133.4,1134.6,1150.4,1133.8,1125.8,1122.3,1120.2,1124.2,1133.4,1124.1,1119.4,1121.4,1125.0,1135.4,1145.9,1127.7,1124.0,1121.7,1131.7,1121.2,1123.4,1127.5
27,0,0,0.975,-84.3,-222.7,1149.6,0.247,0.153,-0.16,-155.1,-152.1,-147.2,-140.8,-132.1,-120.0,-106.4,-90.8,-73.6,-56.2,-38.7,-22.2,-8.9,-2.4,-2.0,-3.6,-5.7,-151.5,-145.9,-135.1,-122.9,-111.4,-84.1,-71.9,-59.2,-45.7,-33.1,-94.8,-93.4,-92.2,-91.0,-101.1,-93.7,-86.3,-78.9,-71.8,-135.2,-128.2,-119.3,-110.1,-118.2,-126.9,-71.1,-63.5,-54.2,-45.1,-52.6,-61.6,-105.8,-98.2,-90.1,-82.9,-75.4,-63.4,-50.1,-60.8,-71.4,-79.8,-87.2,-96.0,-101.3,-89.0,-81.9,-74.0,-54.8,-73.9,-81.9,-89.0,-257.3,-239.2,-222.1,-205.3,-188.7,-173.5,-160.6,-149.8,-147.3,-150.7,-160.1,-172.9,-189.4,-209.4,-231.8,-254.6,-277.5,-267.0,-275.0,-277.1,-275.7,-272.5,-276.2,-283.6,-287.8,-288.4,-283.7,-257.7,-245.5,-233.5,-221.1,-213.1,-211.0,-209.7,-213.3,-216.6,-252.4,-255.9,-257.2,-254.4,-251.2,-249.9,-259.4,-264.8,-266.0,-264.8,-260.3,-258.7,-189.2,-193.3,-196.3,-195.4,-198.2,-197.9,-197.1,-186.7,-181.3,-179.5,-179.3,-181.9,-189.0,-190.1,-190.2,-192.0,-195.7,-190.4,-188.8,-188.9,1201.2,1199.1,1199.6,1200.2,1196.5,1187.1,1172.0,1154.6,1146.4,1148.3,1159.2,1169.8,1174.9,1175.6,1173.8,1171.7,1171.9,1175.0,1165.9,1155.8,1146.4,1137.6,1127.9,1128.6,1130.3,1131.5,1133.6,1131.5,1124.9,1118.0,1111.4,1130.9,1126.1,1121.8,1122.0,1122.4,1165.1,1158.7,1154.9,1151.0,1153.7,1157.6,1136.9,1135.7,1134.5,1135.0,1133.4,1134.5,1149.0,1132.8,1125.2,1122.0,1120.1,1124.2,1133.3,1123.3,1118.2,1120.0,1123.4,1133.6,1144.4,1126.9,1123.5,1121.4,1131.3,1120.2,1122.1,1126.1
28,0,0,0.975,-82.4,-218.7,1135.9,0.251,0.165,-0.158,-152.9,-150.0,-144.8,-138.1,-129.0,-116.5,-102.8,-87.4,-70.6,-53.7,-36.6,-20.8,-7.9,-1.5,-1.1,-2.9,-5.1,-148.5,-142.8,-132.2,-120.2,-109.1,-82.0,-70.0,-57.5,-44.3,-32.0,-92.7,-91.4,-90.3,-89.2,-98.9,-91.8,-84.6,-77.4,-70.4,-132.5,-125.6,-116.8,-107.8,-115.8,-124.4,-69.7,-62.2,-53.0,-44.1,-51.4,-60.4,-103.8,-96.6,-88.2,-81.5,-74.4,-62.1,-48.7,-59.2,-69.9,-77.9,-84.9,-94.1,-99.4,-87.1,-80.4,-73.0,-53.3,-72.3,-79.8,-86.7,-255.1,-236.4,-218.3,-200.8,-183.6,-167.9,-154.7,-143.9,-141.4,-144.9,-154.4,-167.5,-184.0,-204.1,-226.6,-249.5,-272.4,-263.5,-271.7,-273.8,-272.4,-269.0,-272.5,-279.6,-283.6,-284.0,-279.0,-254.5,-242.3,-230.3,-217.8,-209.9,-207.8,-206.5,-210.0,-213.2,-249.3,-252.9,-254.0,-251.1,-248.0,-246.8,-255.6,-261.0,-262.1,-260.6,-256.3,-254.8,-186.3,-190.5,-193.5,-192.5,-195.1,-194.7,-193.5,-181.3,-175.4,-173.7,-173.6,-177.0,-186.0,-187.3,-187.3,-189.0,-192.1,-184.9,-183.4,-183.5,1187.9,1186.1,1186.6,1186.7,1182.3,1172.7,1158.1,1141.1,1133.4,1134.9,1145.1,1154.6,1158.7,1158.9,1156.8,1154.7,1154.5,1159.7,1151.2,1141.7,1132.6,1124.1,1113.9,1114.6,1116.1,1117.1,1118.9,1117.3,1110.7,1103.8,1097.2,1116.4,1111.6,1107.2,1107.4,1108.0,1150.3,1144.3,1140.5,1136.3,1139.1,1143.0,1122.5,1121.2,1119.9,1119.9,1118.5,1119.9,1136.2,1119.4,1111.0,1107.9,1106.0,1109.9,1119.4,1109.8,1105.2,1107.1,1110.3,1120.6,1131.8,1112.9,1109.6,1107.6,1117.7,1107.3,1109.1,1112.9
29,0,0,0.975,-80.6,-215.2,1127.1,0.26,0.172,-0.148,-150.6,-147.7,-142.6,-135.9,-127.0,-114.9,-101.5,-86.2,-69.4,-52.5,-35.6,-19.8,-6.9,-0.3,0.2,-1.1,-3.1,-146.2,-140.3,-129.7,-117.9,-106.7,-79.5,-67.4,-55.0,-41.8,-29.7,-90.6,-89.4,-88.3,-87.4,-97.5,-90.3,-83.0,-75.6,-68.5,-130.7,-123.7,-114.7,-105.7,-113.8,-122.5,-67.3,-59.7,-50.4,-41.5,-48.9,-57.9,-102.6,-96.3,-87.6,-80.5,-73.0,-60.0,-46.7,-56.3,-67.2,-75.7,-83.3,-93.1,-98.0,-86.3,-79.2,-71.5,-51.3,-69.9,-77.9,-85.2,-252.0,-233.3,-215.5,-198.2,-181.0,-165.1,-151.3,-139.9,-136.8,-140.2,-149.8,-163.0,-179.6,-199.7,-222.1,-245.1,-268.0,-260.7,-268.8,-270.7,-269.3,-265.9,-269.0,-275.9,-279.7,-279.9,-274.7,-251.1,-239.2,-227.4,-215.1,-207.3,-205.2,-203.8,-207.3,-210.4,-246.5,-250.1,-251.1,-248.0,-245.3,-244.2,-252.2,-257.3,-258.3,-256.8,-252.7,-251.4,-182.8,-188.5,-192.0,-190.8,-193.4,-192.3,-189.3,-175.5,-168.7,-166.9,-166.9,-171.4,-182.6,-185.1,-185.1,-186.5,-188.1,-179.2,-177.7,-178.0,1175.9,1174.6,1175.6,1176.4,1172.9,1164.0,1150.1,1133.7,1125.9,1127.1,1136.2,1145.0,1148.3,1147.8,1144.9,1142.9,1142.5,1149.5,1141.4,1132.0,1123.2,1115.1,1105.1,1105.4,1106.3,1106.8,1107.7,1108.0,1101.8,1095.5,1089.4,1107.9,1103.1,1098.9,1098.9,1099.2,1141.1,1135.0,1131.3,1126.8,1130.1,1134.0,1112.7,1111.2,1109.7,1109.5,1108.5,1110.0,1128.0,1110.7,1101.5,1098.0,1096.0,1099.9,1109.3,1101.6,1097.6,1099.9,1103.4,1113.6,1123.8,1104.1,1100.3,1098.0,1108.3,1099.2,1101.4,1105.5
30,0,0,0.975,-79.8,-215.6,1133.5,0.262,0.172,-0.15,-150.5,-147.5,-142.2,-135.2,-126.0,-113.6,-100.1,-84.9,-68.2,-51.5,-34.6,-18.9,-6.0,0.6,1.2,0.1,-1.8,-145.8,-139.9,-129.2,-117.3,-106.1,-78.9,-66.7,-54.1,-40.7,-28.6,-89.9,-88.6,-87.6,-86.6,-96.8,-89.6,-82.3,-74.8,-67.8,-130.2,-123.1,-114.2,-105.2,-113.3,-121.9,-66.5,-58.9,-49.6,-40.6,-48.1,-57.2,-101.7,-95.3,-86.7,-79.7,-72.2,-59.4,-46.0,-55.8,-66.7,-75.2,-82.7,-92.3,-97.2,-85.5,-78.5,-70.8,-50.6,-69.3,-77.2,-84.5,-252.4,-233.6,-215.7,-198.4,-181.4,-165.7,-152.4,-141.4,-138.7,-142.0,-151.4,-164.2,-180.6,-200.3,-222.5,-245.4,-268.2,-260.8,-269.0,-271.0,-269.6,-266.1,-269.2,-276.2,-280.0,-280.2,-274.9,-251.3,-239.2,-227.4,-215.1,-207.5,-205.4,-204.0,-207.4,-210.5,-246.8,-250.3,-251.4,-248.2,-245.4,-244.4,-252.3,-257.6,-258.6,-257.1,-252.9,-251.6,-183.3,-188.6,-191.9,-190.8,-193.3,-192.4,-189.7,-176.5,-169.9,-168.2,-168.2,-172.4,-183.1,-185.3,-185.2,-186.7,-188.5,-180.1,-178.6,-178.8,1184.3,1182.7,1183.4,1183.7,1179.6,1170.3,1155.9,1139.6,1132.1,1133.5,1143.1,1151.9,1155.3,1154.8,1152.1,1150.2,1150.1,1156.1,1147.8,1138.3,1129.2,1120.7,1110.8,1111.4,1112.5,1113.3,1114.7,1114.0,1107.9,1101.6,1095.5,1114.2,1109.5,1105.2,1105.2,1105.4,1147.5,1141.4,1137.7,1133.2,1136.4,1140.3,1118.9,1117.6,1116.2,1116.2,1115.0,1116.4,1134.5,1117.4,1108.4,1105.0,1102.9,1107.0,1116.5,1108.4,1104.3,1106.4,1109.9,1120.1,1130.3,1110.7,1107.1,1104.8,1115.4,1105.9,1108.0,1112.0
31,0,0,0.975,-80.4,-218.7,1146.6,0.239,0.159,-0.135,-151.2,-148.7,-144.2,-138.3,-130.0,-118.1,-104.2,-88.1,-70.6,-52.9,-35.4,-19.1,-5.9,0.8,1.5,0.5,-1.0,-146.2,-140.2,-129.3,-117.1,-105.7,-78.4,-66.1,-53.4,-40.0,-27.8,-89.7,-88.5,-87.5,-86.5,-97.4,-89.9,-82.4,-74.9,-67.7,-130.6,-123.5,-114.5,-105.5,-113.6,-122.3,-66.1,-58.4,-49.1,-40.2,-47.6,-56.6,-103.5,-96.1,-87.5,-80.2,-72.3,-59.7,-46.4,-57.0,-68.1,-76.9,-84.6,-93.9,-98.9,-86.6,-79.2,-71.1,-51.1,-70.4,-78.7,-86.2,-254.8,-236.6,-219.2,-202.2,-185.3,-169.5,-156.2,-145.2,-142.5,-145.8,-154.9,-167.3,-183.5,-203.2,-225.3,-248.0,-270.8,-263.8,-272.1,-274.1,-272.6,-269.2,-272.4,-279.4,-283.2,-283.4,-278.1,-254.2,-242.2,-230.2,-217.9,-210.2,-208.0,-206.5,-209.9,-213.0,-249.6,-253.3,-254.3,-251.1,-248.2,-247.2,-255.2,-260.6,-261.6,-260.0,-255.8,-254.4,-186.1,-191.1,-194.2,-193.1,-195.7,-194.8,-192.5,-181.4,-175.8,-174.1,-174.1,-177.4,-185.9,-187.7,-187.6,-189.2,-191.4,-185.2,-183.7,-183.9,1198.4,1196.2,1196.6,1197.1,1193.8,1184.7,1169.7,1151.8,1143.2,1145.0,1155.7,1165.9,1170.8,1171.4,1169.3,1167.5,1167.7,1170.9,1162.5,1153.0,1143.9,1135.5,1125.9,1126.5,1127.7,1128.8,1130.6,1128.8,1122.7,1116.3,1110.2,1128.9,1124.2,1119.7,1119.8,1120.1,1161.8,1155.7,1152.1,1147.9,1150.7,1154.5,1134.1,1132.8,1131.6,1131.7,1130.3,1131.6,1147.3,1130.7,1122.5,1119.1,1117.2,1121.3,1130.6,1121.2,1116.2,1118.2,1121.7,1132.1,1143.1,1124.2,1120.7,1118.5,1129.0,1118.3,1120.4,1124.4
32,0,0,0.975,-79.7,-221.2,1156.3,0.214,0.128,-0.127,-151.4,-149.0,-145.0,-139.7,-132.1,-120.6,-106.5,-89.8,-71.8,-53.6,-35.7,-19.1,-5.6,1.4,2.2,1.3,-0.2,-146.2,-140.2,-128.9,-116.4,-104.6,-77.6,-65.0,-52.3,-38.7,-26.2,-88.7,-87.3,-86.3,-85.2,-96.5,-88.9,-81.3,-73.7,-66.5,-130.2,-122.9,-113.9,-104.7,-112.9,-121.7,-65.1,-57.5,-48.2,-39.2,-46.6,-55.6,-103.0,-94.7,-86.1,-78.7,-70.8,-58.9,-46.0,-56.7,-67.3,-76.1,-83.7,-92.9,-98.4,-85.3,-77.9,-69.7,-50.7,-69.6,-77.9,-85.4,-256.4,-238.4,-221.3,-204.5,-187.7,-172.2,-159.2,-148.5,-145.8,-149.0,-157.7,-169.8,-185.9,-205.9,-228.4,-251.2,-274.2,-266.2,-274.5,-276.6,-275.2,-271.9,-275.4,-282.4,-286.4,-286.7,-281.5,-257.0,-244.8,-232.7,-220.3,-212.5,-210.2,-208.8,-212.3,-215.5,-252.0,-255.6,-256.7,-253.6,-250.7,-249.5,-258.2,-263.6,-264.6,-263.1,-258.8,-257.4,-188.4,-193.1,-196.1,-195.1,-197.8,-197.2,-195.4,-186.0,-181.0,-179.3,-179.2,-181.5,-188.3,-189.7,-189.7,-191.4,-194.3,-190.2,-188.7,-188.8,1207.9,1205.4,1205.7,1206.5,1203.8,1195.0,1179.8,1161.3,1152.6,1155.3,1167.3,1179.1,1185.7,1187.4,1185.9,1184.0,1184.3,1182.6,1173.9,1164.3,1155.2,1146.8,1138.3,1139.1,1141.0,1142.6,1144.9,1141.0,1134.5,1127.8,1121.3,1139.7,1135.1,1130.9,1131.4,1132.1,1172.6,1166.5,1163.0,1159.3,1161.7,1165.3,1146.9,1145.8,1144.9,1145.4,1143.7,1144.6,1156.1,1140.3,1133.1,1129.9,1128.2,1132.6,1141.9,1131.3,1125.6,1127.2,1130.5,1140.6,1151.8,1134.6,1131.3,1129.4,1139.7,1127.9,1129.7,1133.5
33,0,0,0.975,-79.1,-222.9,1161.4,0.202,0.118,-0.12,-151.4,-149.1,-145.1,-140.1,-132.7,-121.2,-106.8,-90.0,-71.8,-53.6,-35.7,-18.9,-5.3,1.7,2.7,2.0,0.6,-145.8,-139.4,-127.9,-115.3,-103.4,-76.4,-63.8,-51.0,-37.4,-24.8,-87.6,-86.2,-85.1,-84.1,-95.7,-88.1,-80.5,-73.0,-65.8,-129.7,-122.3,-113.1,-103.9,-112.3,-121.2,-64.2,-56.4,-47.0,-38.0,-45.4,-54.6,-102.5,-94.0,-85.5,-78.3,-70.5,-58.9,-46.2,-56.9,-67.3,-75.9,-83.4,-92.4,-97.8,-84.8,-77.5,-69.5,-50.9,-69.5,-77.6,-85.0,-258.2,-240.2,-222.9,-206.0,-189.2,-173.8,-161.0,-150.5,-147.9,-151.0,-159.4,-171.3,-187.2,-207.2,-229.7,-252.8,-275.9,-267.6,-276.1,-278.3,-276.9,-273.6,-277.2,-284.2,-288.2,-288.6,-283.2,-258.8,-246.6,-234.5,-222.1,-214.3,-212.0,-210.7,-214.0,-217.1,-253.6,-257.3,-258.3,-255.1,-252.2,-251.0,-259.9,-265.4,-266.4,-264.9,-260.5,-259.0,-190.2,-195.1,-198.2,-197.2,-199.8,-198.9,-196.9,-187.9,-183.3,-181.7,-181.5,-183.7,-190.2,-191.7,-191.7,-193.3,-195.9,-192.4,-191.0,-191.1,1213.4,1210.7,1210.8,1211.5,1209.3,1200.7,1185.4,1166.6,1157.9,1160.8,1173.0,1185.2,1192.4,1194.6,1193.5,1191.8,1192.3,1188.2,1179.7,1170.3,1161.2,1152.8,1144.6,1145.6,1147.7,1149.6,1152.1,1147.1,1140.6,1133.8,1127.3,1145.2,1140.7,1136.6,1137.2,1137.9,1178.2,1172.2,1168.7,1164.9,1167.3,1170.8,1153.3,1152.2,1151.5,1152.2,1150.2,1151.0,1160.7,1145.3,1138.3,1135.2,1133.7,1138.1,1147.3,1136.5,1130.7,1132.4,1135.5,1145.4,1156.4,1139.7,1136.5,1134.7,1145.0,1133.3,1134.9,1138.7
34,0,0,0.975,-78.6,-223.6,1163.7,0.202,0.118,-0.119,-151.2,-148.9,-145.0,-140.0,-132.5,-120.9,-106.4,-89.4,-71.1,-52.9,-34.9,-18.2,-4.7,2.3,3.3,2.6,1.3,-145.3,-138.9,-127.4,-114.7,-102.7,-75.6,-63.0,-50.2,-36.6,-24.0,-86.9,-85.6,-84.5,-83.5,-95.2,-87.6,-79.9,-72.4,-65.2,-129.2,-121.7,-112.5,-103.3,-111.7,-120.6,-63.5,-55.7,-46.3,-37.2,-44.7,-53.9,-102.4,-93.9,-85.2,-77.9,-70.0,-58.3,-45.5,-56.3,-66.8,-75.5,-83.1,-92.3,-97.7,-84.5,-77.1,-69.0,-50.2,-69.0,-77.2,-84.7,-259.1,-241.0,-223.7,-206.7,-190.0,-174.5,-161.7,-151.2,-148.7,-151.8,-160.4,-172.2,-188.1,-208.0,-230.3,-253.3,-276.4,-268.1,-276.7,-278.9,-277.5,-274.1,-277.7,-284.8,-288.8,-289.1,-283.7,-259.3,-247.2,-235.1,-222.7,-215.0,-212.8,-211.4,-214.8,-217.8,-254.2,-257.8,-258.9,-255.7,-252.7,-251.6,-260.4,-265.8,-267.0,-265.4,-261.0,-259.5,-191.3,-196.3,-199.4,-198.3,-201.0,-200.0,-197.9,-188.7,-184.0,-182.3,-182.2,-184.5,-191.3,-192.7,-192.7,-194.3,-196.9,-193.3,-191.9,-191.9,1216.2,1213.4,1213.5,1214.0,1211.9,1203.3,1187.9,1169.0,1160.4,1163.3,1175.6,1187.7,1194.8,1196.9,1195.8,1194.1,1194.7,1190.5,1182.1,1172.7,1163.7,1155.3,1146.9,1147.9,1149.9,1152.0,1154.4,1149.5,1143.1,1136.5,1130.1,1147.7,1143.3,1139.2,1139.9,1140.5,1180.6,1174.5,1171.1,1167.3,1169.6,1173.2,1155.7,1154.6,1153.9,1154.5,1152.6,1153.4,1163.4,1147.8,1140.6,1137.5,1136.0,1140.3,1149.7,1138.8,1132.9,1134.6,1137.8,1147.8,1159.2,1142.1,1138.8,1137.0,1147.5,1135.5,1137.2,1141.0
35,0,0,0.975,-78.3,-223.9,1164.0,0.197,0.116,-0.12,-151.2,-148.8,-144.8,-139.7,-132.2,-120.5,-106.1,-89.1,-70.8,-52.5,-34.5,-17.9,-4.4,2.4,3.2,2.5,1.1,-145.1,-138.6,-127.1,-114.3,-102.3,-75.3,-62.7,-49.9,-36.4,-24.0,-86.5,-85.1,-84.0,-82.9,-94.9,-87.2,-79.5,-71.9,-64.7,-128.9,-121.4,-112.3,-103.1,-111.5,-120.4,-63.1,-55.4,-46.0,-37.0,-44.5,-53.6,-102.3,-93.7,-84.8,-77.4,-69.4,-57.5,-44.6,-55.4,-66.0,-74.8,-82.5,-92.0,-97.6,-84.1,-76.5,-68.4,-49.3,-68.3,-76.6,-84.1,-259.3,-241.0,-223.5,-206.3,-189.4,-174.0,-161.4,-151.1,-148.6,-151.7,-160.3,-172.3,-188.2,-208.0,-230.3,-253.1,-276.0,-268.3,-276.9,-279.2,-277.9,-274.7,-278.3,-285.3,-289.3,-289.7,-284.2,-259.9,-247.8,-235.7,-223.4,-215.4,-213.2,-211.8,-215.3,-218.4,-254.4,-258.1,-259.2,-256.1,-253.1,-252.0,-260.9,-266.3,-267.4,-265.9,-261.6,-260.1,-191.3,-196.6,-199.8,-198.8,-201.5,-200.6,-198.2,-188.6,-183.6,-182.0,-181.8,-184.1,-191.3,-193.0,-193.1,-194.7,-197.2,-193.1,-191.7,-191.7,1215.7,1213.0,1213.2,1213.8,1211.5,1202.7,1187.3,1168.4,1159.8,1162.7,1175.0,1187.1,1194.1,1196.1,1194.8,1193.4,1194.1,1190.0,1181.8,1172.7,1164.0,1155.8,1147.8,1148.9,1150.8,1152.6,1154.8,1149.9,1143.6,1137.0,1130.7,1148.0,1143.6,1139.5,1140.1,1140.9,1180.2,1174.3,1171.0,1167.3,1169.5,1173.0,1156.1,1155.0,1154.3,1154.8,1153.0,1153.8,1163.7,1148.1,1140.7,1137.6,1136.2,1140.7,1150.1,1139.3,1133.3,1134.8,1138.0,1148.2,1159.6,1142.2,1139.0,1137.3,1148.0,1135.8,1137.4,1141.2
36,0,0,0.975,-76.9,-222.2,1156.8,0.2,0.136,-0.145,-150.9,-147.8,-143.0,-137.1,-128.5,-115.9,-101.1,-84.4,-65.9,-47.2,-29.2,-13.5,-2.0,3.0,2.7,1.4,-0.4,-144.0,-137.4,-125.9,-113.3,-101.3,-74.0,-61.8,-49.3,-36.2,-24.6,-84.9,-83.7,-82.7,-81.6,-93.2,-85.6,-78.1,-70.6,-63.7,-127.6,-120.2,-111.2,-102.3,-110.5,-119.3,-62.4,-54.8,-45.6,-36.8,-44.1,-53.1,-101.0,-93.0,-83.8,-76.3,-68.3,-56.0,-42.9,-53.5,-64.3,-73.2,-81.1,-90.9,-96.5,-82.8,-75.3,-67.0,-47.7,-66.3,-74.8,-82.4,-256.3,-237.1,-218.7,-200.8,-183.7,-168.7,-157.0,-147.9,-146.5,-151.0,-161.3,-174.1,-190.1,-209.2,-229.8,-251.1,-272.4,-266.2,-275.0,-277.8,-276.5,-272.8,-276.6,-283.6,-287.6,-288.0,-282.6,-258.3,-246.4,-234.5,-222.3,-213.9,-211.9,-210.5,-213.9,-217.2,-252.5,-256.4,-257.6,-254.3,-251.4,-250.4,-259.3,-264.8,-266.0,-264.2,-260.1,-258.7,-189.6,-195.5,-198.7,-197.8,-200.6,-199.8,-197.1,-186.2,-180.4,-178.4,-178.1,-181.0,-189.8,-192.1,-192.3,-194.1,-196.0,-189.7,-187.9,-187.8,1211.8,1209.6,1209.6,1209.0,1204.8,1194.3,1177.3,1158.1,1149.8,1152.8,1164.9,1175.6,1181.2,1182.0,1180.2,1179.5,1181.1,1180.6,1172.9,1164.2,1155.4,1147.2,1139.8,1141.1,1142.8,1144.6,1146.8,1141.3,1134.9,1128.3,1121.9,1139.3,1135.0,1130.9,1131.2,1131.8,1170.6,1165.1,1162.0,1158.6,1160.6,1163.9,1148.0,1146.8,1146.0,1146.6,1144.7,1145.6,1156.3,1140.5,1132.5,1129.4,1128.4,1132.8,1142.3,1132.2,1126.5,1127.7,1130.7,1140.8,1152.6,1133.8,1130.8,1129.4,1140.5,1129.1,1130.3,1133.8
37,0,0,0.975,-75.7,-221.3,1152.6,0.195,0.105,-0.158,-151.1,-147.5,-142.6,-136.6,-127.7,-114.9,-99.8,-82.8,-64.0,-45.4,-28.1,-13.1,-2.2,2.3,1.9,0.5,-1.5,-143.9,-137.5,-125.9,-113.0,-100.6,-73.1,-60.8,-48.1,-35.0,-24.0,-83.8,-82.4,-81.2,-79.8,-92.0,-84.2,-76.5,-69.0,-62.1,-127.0,-119.7,-110.7,-101.7,-109.9,-118.6,-61.8,-54.2,-45.0,-36.4,-43.7,-52.6,-99.7,-91.4,-81.9,-74.3,-66.1,-54.0,-41.5,-51.0,-61.5,-70.5,-78.6,-89.0,-95.2,-80.8,-73.2,-64.8,-46.1,-63.6,-72.2,-80.0,-253.1,-234.0,-215.6,-197.8,-181.0,-166.3,-154.8,-145.7,-144.5,-149.7,-160.9,-174.7,-191.4,-210.7,-231.2,-252.0,-272.8,-264.2,-273.3,-276.7,-275.7,-272.2,-276.2,-283.3,-287.3,-287.4,-281.8,-257.6,-245.6,-233.9,-221.7,-213.2,-211.2,-210.0,-213.5,-217.0,-251.2,-255.3,-256.5,-253.4,-250.5,-249.3,-258.9,-264.4,-265.6,-263.9,-259.9,-258.4,-188.7,-194.9,-198.3,-197.5,-200.5,-200.0,-197.4,-185.6,-179.2,-176.9,-176.5,-179.5,-189.0,-191.8,-192.1,-194.1,-196.2,-188.5,-186.3,-186.1,1205.9,1204.1,1204.0,1203.3,1199.1,1189.0,1173.0,1154.5,1146.9,1150.6,1162.7,1173.4,1178.9,1179.8,1178.4,1178.4,1180.4,1175.6,1167.9,1159.1,1150.4,1142.7,1136.6,1138.6,1141.2,1143.7,1146.7,1137.5,1130.7,1123.7,1117.0,1134.4,1130.2,1126.4,1127.0,1128.0,1165.1,1159.9,1157.0,1154.2,1155.8,1158.7,1145.4,1144.5,1144.0,1145.0,1142.8,1143.3,1151.5,1136.0,1128.1,1125.3,1124.6,1129.7,1140.0,1129.8,1123.7,1124.4,1127.1,1136.6,1148.3,1129.6,1126.8,1125.9,1138.2,1126.1,1126.9,1130.1
38,0,0,0.975,-75.7,-221.2,1151.9,0.189,0.099,-0.158,-151.4,-147.8,-142.9,-136.8,-128.0,-115.1,-99.9,-82.9,-64.0,-45.2,-27.9,-13.0,-2.4,1.8,1.3,-0.0,-2.0,-144.1,-137.6,-125.9,-112.9,-100.4,-73.1,-60.7,-47.9,-34.8,-23.9,-83.7,-82.3,-81.0,-79.6,-92.0,-84.1,-76.3,-68.8,-61.9,-127.2,-119.8,-110.8,-101.8,-110.0,-118.8,-61.8,-54.2,-45.0,-36.3,-43.6,-52.5,-100.1,-91.6,-82.0,-74.2,-65.8,-53.6,-41.1,-50.7,-61.3,-70.5,-78.7,-89.3,-95.6,-80.9,-73.1,-64.5,-45.8,-63.4,-72.2,-80.1,-252.7,-233.5,-215.0,-197.2,-180.4,-165.9,-154.5,-145.7,-144.6,-149.9,-161.2,-175.1,-191.8,-211.0,-231.2,-251.7,-272.2,-263.9,-273.1,-276.5,-275.6,-272.0,-276.1,-283.3,-287.2,-287.4,-281.7,-257.6,-245.6,-233.8,-221.7,-213.0,-211.1,-209.8,-213.4,-216.9,-251.0,-255.2,-256.4,-253.2,-250.4,-249.2,-258.8,-264.4,-265.7,-263.9,-259.9,-258.4,-188.5,-194.8,-198.2,-197.4,-200.5,-200.1,-197.4,-185.8,-179.3,-177.0,-176.5,-179.5,-188.8,-191.7,-192.0,-194.1,-196.2,-188.6,-186.4,-186.1,1205.6,1203.7,1203.5,1202.7,1198.3,1188.2,1172.1,1153.4,1145.7,1149.6,1162.1,1173.1,1178.7,1179.6,1178.2,1178.5,1180.8,1175.0,1167.3,1158.6,1149.8,1142.1,1136.4,1138.6,1141.4,1144.2,1147.5,1137.1,1130.3,1123.1,1116.3,1133.9,1129.6,1125.7,1126.4,1127.5,1164.4,1159.3,1156.5,1153.8,1155.2,1158.1,1145.4,1144.6,1144.2,1145.3,1142.9,1143.4,1150.9,1135.3,1127.3,1124.6,1123.9,1129.3,1139.8,1129.3,1122.9,1123.5,1126.2,1135.8,1147.7,1128.9,1126.1,1125.3,1137.8,1125.3,1126.0,1129.2
39,0,0,0.975,-76.1,-221.8,1153.2,0.181,0.096,-0.158,-151.8,-148.2,-143.3,-137.5,-128.7,-116.0,-100.7,-83.5,-64.5,-45.7,-28.4,-13.4,-2.7,1.5,1.0,-0.4,-2.4,-144.8,-138.5,-126.7,-113.5,-100.9,-73.5,-61.1,-48.4,-35.2,-24.2,-84.1,-82.7,-81.4,-80.0,-92.4,-84.5,-76.6,-69.1,-62.2,-127.8,-120.4,-111.3,-102.3,-110.5,-119.4,-62.0,-54.3,-45.0,-36.3,-43.6,-52.6,-100.3,-91.6,-82.1,-74.3,-66.0,-54.0,-41.6,-51.3,-61.8,-70.9,-79.0,-89.3,-95.7,-81.0,-73.2,-64.7,-46.3,-63.8,-72.6,-80.4,-253.4,-234.3,-215.8,-198.0,-181.0,-166.4,-155.1,-146.4,-145.4,-150.6,-161.9,-175.6,-192.3,-211.6,-232.0,-252.6,-273.2,-264.0,-273.5,-277.0,-276.2,-272.7,-276.8,-283.9,-287.8,-288.0,-282.3,-258.3,-246.3,-234.4,-222.2,-213.4,-211.6,-210.3,-214.0,-217.5,-251.5,-255.8,-257.0,-253.8,-250.8,-249.6,-259.5,-265.2,-266.5,-264.7,-260.6,-259.1,-188.9,-195.1,-198.5,-197.8,-200.9,-200.6,-198.1,-187.2,-181.1,-178.8,-178.2,-180.7,-189.2,-192.0,-192.4,-194.6,-196.9,-190.2,-188.0,-187.6,1207.3,1205.2,1204.9,1204.0,1199.9,1189.7,1173.7,1154.8,1147.0,1151.2,1163.8,1175.2,1181.2,1182.3,1181.0,1181.2,1183.4,1177.4,1169.5,1160.7,1152.0,1144.3,1138.9,1140.9,1143.6,1146.2,1149.2,1139.3,1132.3,1125.1,1118.0,1135.6,1131.3,1127.4,1128.2,1129.4,1166.5,1161.3,1158.5,1155.7,1157.3,1160.2,1147.6,1146.8,1146.5,1147.6,1145.2,1145.6,1151.8,1136.5,1128.9,1126.3,1125.7,1131.0,1141.3,1130.5,1123.7,1124.2,1126.8,1136.3,1148.6,1130.3,1127.6,1126.9,1139.1,1126.4,1126.9,1130.0
40,0,0,0.975,-76.4,-222.1,1153.4,0.181,0.096,-0.16,-152.3,-148.7,-143.8,-137.8,-129.0,-116.1,-100.8,-83.6,-64.6,-45.7,-28.4,-13.4,-2.9,1.2,0.5,-0.9,-2.9,-145.1,-138.8,-127.0,-114.0,-101.4,-73.8,-61.4,-48.8,-35.7,-24.7,-84.5,-83.1,-81.8,-80.4,-92.7,-84.8,-76.9,-69.4,-62.5,-128.1,-120.8,-111.7,-102.6,-110.8,-119.7,-62.4,-54.7,-45.4,-36.7,-44.0,-53.0,-100.5,-91.8,-82.3,-74.5,-66.3,-54.4,-41.8,-51.6,-62.1,-71.1,-79.2,-89.5,-96.0,-81.2,-73.4,-65.0,-46.5,-64.2,-72.9,-80.6,-253.6,-234.5,-216.1,-198.2,-181.3,-166.7,-155.4,-146.7,-145.8,-151.1,-162.3,-176.1,-192.8,-212.1,-232.4,-252.8,-273.4,-264.3,-273.7,-277.2,-276.4,-272.9,-277.1,-284.1,-288.1,-288.3,-282.6,-258.5,-246.5,-234.6,-222.4,-213.6,-211.7,-210.5,-214.2,-217.8,-251.7,-255.9,-257.2,-254.0,-251.0,-249.8,-259.7,-265.4,-266.7,-264.9,-260.8,-259.3,-189.3,-195.3,-198.6,-197.9,-201.1,-200.8,-198.5,-187.7,-181.7,-179.3,-178.8,-181.1,-189.5,-192.2,-192.6,-194.7,-197.3,-190.8,-188.5,-188.1,1207.9,1205.8,1205.4,1204.4,1200.2,1189.9,1173.6,1154.8,1147.1,1151.4,1164.3,1175.8,1181.7,1182.6,1181.2,1181.3,1183.5,1177.4,1169.6,1160.9,1152.2,1144.4,1138.9,1141.0,1143.7,1146.3,1149.3,1139.5,1132.4,1125.1,1118.0,1135.7,1131.4,1127.5,1128.3,1129.6,1166.7,1161.5,1158.7,1156.0,1157.5,1160.4,1147.8,1147.0,1146.7,1147.8,1145.4,1145.8,1152.0,1136.5,1129.0,1126.4,1125.9,1131.2,1141.7,1130.5,1123.6,1124.1,1126.7,1136.3,1148.8,1130.4,1127.7,1127.1,1139.4,1126.4,1126.8,1129.9
41,0,0,0.975,-76.8,-221.9,1151.7,0.179,0.087,-0.162,-153.1,-149.4,-144.4,-138.4,-129.4,-116.5,-101.0,-83.7,-64.7,-46.0,-28.8,-14.0,-3.7,0.3,-0.3,-1.8,-3.8,-145.8,-139.3,-127.6,-114.5,-101.8,-74.1,-61.8,-49.2,-36.2,-25.2,-84.8,-83.3,-81.9,-80.4,-92.8,-84.9,-77.1,-69.6,-62.8,-128.6,-121.2,-112.1,-103.0,-111.2,-120.1,-63.0,-55.2,-46.0,-37.2,-44.5,-53.5,-100.7,-91.9,-82.4,-74.7,-66.6,-54.8,-42.3,-52.1,-62.4,-71.3,-79.3,-89.6,-96.2,-81.2,-73.6,-65.2,-47.1,-64.5,-73.1,-80.8,-253.4,-234.2,-215.7,-197.8,-180.9,-166.4,-155.3,-146.8,-146.0,-151.3,-162.7,-176.4,-193.0,-212.2,-232.4,-252.7,-273.1,-264.2,-273.4,-277.0,-276.1,-272.7,-276.9,-284.0,-288.1,-288.3,-282.8,-258.4,-246.3,-234.4,-222.2,-213.3,-211.6,-210.3,-214.0,-217.6,-251.5,-255.7,-257.0,-253.9,-250.8,-249.6,-259.7,-265.4,-266.7,-264.9,-260.8,-259.3,-189.1,-195.0,-198.5,-197.8,-200.9,-200.6,-198.5,-187.8,-181.8,-179.5,-178.9,-181.1,-189.3,-192.0,-192.4,-194.6,-197.2,-191.0,-188.7,-188.3,1206.5,1204.5,1204.1,1203.0,1198.8,1188.5,1172.2,1153.3,1145.7,1150.2,1163.5,1175.2,1181.4,1182.3,1181.0,1181.0,1183.3,1175.6,1167.8,1159.1,1150.4,1142.6,1137.3,1139.8,1142.9,1145.8,1149.2,1138.0,1130.8,1123.3,1116.1,1134.0,1129.7,1125.9,1126.7,1128.2,1164.9,1159.8,1157.0,1154.4,1155.7,1158.6,1146.8,1146.1,1145.9,1147.2,1144.6,1144.9,1150.1,1134.7,1127.2,1124.8,1124.3,1129.8,1140.5,1129.0,1122.0,1122.4,1124.9,1134.4,1146.9,1128.7,1126.2,1125.6,1138.1,1124.7,1125.1,1128.1
42,0,0,0.975,-77.4,-222.0,1150.9,0.174,0.084,-0.164,-153.9,-150.2,-145.2,-139.1,-130.0,-116.8,-101.4,-84.1,-65.2,-46.5,-29.5,-14.8,-4.5,-0.6,-1.2,-2.7,-4.8,-146.7,-140.1,-128.3,-115.2,-102.6,-74.9,-62.6,-50.0,-36.9,-25.9,-85.6,-84.0,-82.6,-81.1,-93.5,-85.6,-77.7,-70.2,-63.3,-129.6,-122.1,-113.0,-103.8,-112.1,-121.0,-63.7,-55.8,-46.5,-37.8,-45.1,-54.2,-101.6,-92.5,-82.9,-75.2,-67.1,-55.2,-42.6,-52.6,-63.0,-71.9,-79.9,-90.3,-97.0,-81.7,-74.0,-65.6,-47.4,-65.2,-73.7,-81.4,-253.3,-234.1,-215.5,-197.6,-180.7,-166.4,-155.4,-147.1,-146.5,-151.8,-163.0,-176.8,-193.3,-212.5,-232.6,-253.0,-273.3,-264.3,-273.4,-277.0,-276.1,-272.8,-277.0,-284.1,-288.2,-288.6,-283.1,-258.7,-246.5,-234.6,-222.3,-213.3,-211.6,-210.4,-214.1,-217.7,-251.5,-255.7,-257.1,-254.0,-250.9,-249.6,-259.9,-265.6,-266.8,-265.2,-261.1,-259.5,-189.1,-195.0,-198.4,-197.8,-200.9,-200.7,-198.7,-188.3,-182.4,-180.0,-179.4,-181.4,-189.3,-191.8,-192.2,-194.4,-197.4,-191.8,-189.5,-189.1,1205.8,1203.9,1203.6,1202.5,1198.1,1187.6,1171.0,1152.2,1144.8,1149.6,1163.2,1175.2,1181.4,1182.3,1180.8,1180.8,1183.1,1175.1,1167.3,1158.6,1150.1,1142.3,1137.0,1139.7,1142.8,1145.7,1149.0,1137.6,1130.3,1122.6,1115.2,1133.2,1128.9,1125.1,1126.1,1127.6,1164.6,1159.4,1156.6,1154.0,1155.3,1158.2,1146.5,1145.9,1145.8,1147.0,1144.4,1144.7,1149.4,1133.8,1126.3,1123.9,1123.5,1129.0,1139.9,1128.0,1120.8,1121.1,1123.5,1133.2,1146.0,1127.8,1125.4,1124.9,1137.4,1123.6,1123.8,1126.8
43,0,0,0.975,-78.4,-222.4,1151.7,0.176,0.08,-0.166,-155.2,-151.5,-146.4,-140.2,-131.1,-117.9,-102.3,-85.0,-66.0,-47.4,-30.3,-15.6,-5.3,-1.5,-2.2,-3.8,-5.9,-147.7,-141.2,-129.3,-116.2,-103.6,-76.1,-63.8,-51.2,-38.2,-27.1,-86.6,-85.0,-83.5,-81.9,-94.3,-86.4,-78.5,-71.1,-64.2,-130.4,-123.0,-113.9,-104.8,-113.0,-121.9,-64.9,-57.1,-47.8,-39.1,-46.4,-55.4,-102.3,-93.2,-83.7,-76.0,-68.0,-56.2,-43.7,-53.6,-63.9,-72.7,-80.6,-91.0,-97.8,-82.4,-74.8,-66.5,-48.4,-66.1,-74.6,-82.2,-253.5,-234.3,-215.8,-197.8,-181.0,-166.7,-155.7,-147.5,-146.8,-152.2,-163.6,-177.4,-194.0,-213.1,-233.3,-253.6,-273.9,-264.4,-273.6,-277.2,-276.3,-272.9,-277.3,-284.4,-288.6,-289.0,-283.5,-258.9,-246.8,-234.8,-222.6,-213.5,-211.8,-210.7,-214.4,-218.0,-251.7,-255.9,-257.2,-254.2,-251.1,-249.7,-260.2,-265.9,-267.2,-265.6,-261.4,-259.8,-189.3,-195.1,-198.6,-197.9,-201.1,-200.9,-199.1,-188.7,-182.8,-180.4,-179.8,-181.8,-189.5,-191.9,-192.4,-194.6,-197.7,-192.2,-190.0,-189.5,1206.7,1204.8,1204.6,1203.5,1199.0,1188.5,1171.9,1153.1,1145.8,1150.6,1164.2,1176.3,1182.6,1183.6,1182.1,1181.9,1184.1,1175.7,1167.8,1159.2,1150.7,1143.0,1137.7,1140.4,1143.6,1146.6,1149.9,1138.4,1131.1,1123.4,1116.1,1134.0,1129.8,1126.0,1127.0,1128.6,1165.1,1159.9,1157.2,1154.6,1155.9,1158.7,1147.3,1146.7,1146.6,1147.9,1145.2,1145.5,1150.1,1134.5,1127.1,1124.8,1124.4,1129.9,1140.8,1128.9,1121.7,1121.9,1124.3,1134.0,1146.7,1128.7,1126.3,1125.8,1138.3,1124.4,1124.6,1127.5
44,0,0,0.975,-79.3,-222.6,1152.6,0.172,0.077,-0.167,-156.3,-152.6,-147.5,-141.2,-132.0,-118.7,-103.2,-85.9,-67.0,-48.5,-31.5,-16.8,-6.4,-2.4,-3.1,-4.6,-6.9,-148.9,-142.2,-130.4,-117.3,-104.7,-77.0,-64.8,-52.2,-39.3,-28.1,-87.6,-85.9,-84.4,-82.7,-95.2,-87.2,-79.3,-71.9,-65.0,-131.6,-124.2,-115.0,-105.8,-114.1,-123.1,-65.7,-57.9,-48.6,-39.8,-47.2,-56.2,-103.2,-94.0,-84.4,-76.7,-68.7,-56.9,-44.3,-54.2,-64.5,-73.4,-81.3,-91.7,-98.6,-83.2,-75.5,-67.2,-49.0,-66.9,-75.3,-83.0,-253.3,-234.2,-215.6,-197.8,-181.0,-166.8,-155.9,-147.7,-147.0,-152.2,-163.4,-177.1,-193.7,-213.0,-233.2,-253.7,-274.1,-264.7,-273.8,-277.3,-276.5,-273.3,-277.7,-284.8,-289.0,-289.5,-284.2,-259.2,-247.1,-235.1,-222.9,-213.7,-212.0,-210.9,-214.7,-218.3,-251.8,-256.1,-257.5,-254.4,-251.3,-249.9,-260.5,-266.3,-267.6,-266.0,-261.8,-260.2,-189.5,-195.3,-198.9,-198.3,-201.5,-201.3,-199.4,-189.0,-183.2,-180.8,-180.1,-182.1,-189.7,-192.1,-192.7,-194.9,-198.1,-192.7,-190.5,-189.9,1207.0,1205.0,1204.7,1203.7,1199.3,1188.7,1172.3,1153.7,1146.5,1151.3,1164.9,1177.2,1183.5,1184.5,1183.1,1182.9,1185.0,1176.4,1168.6,1160.2,1151.8,1144.2,1138.9,1141.6,1144.7,1147.6,1150.6,1139.5,1132.3,1124.6,1117.3,1134.9,1130.8,1127.0,1128.1,1129.6,1166.3,1161.1,1158.4,1155.7,1157.0,1159.9,1148.4,1147.8,1147.7,1148.9,1146.3,1146.5,1151.0,1135.4,1128.0,1125.7,1125.3,1130.8,1141.7,1129.7,1122.4,1122.7,1125.1,1134.8,1147.6,1129.6,1127.2,1126.7,1139.2,1125.2,1125.4,1128.3
45,0,0,0.975,-80.1,-222.3,1151.0,0.178,0.075,-0.176,-157.6,-153.6,-148.2,-141.7,-132.1,-118.6,-103.0,-85.8,-66.9,-48.4,-31.6,-17.2,-7.2,-3.6,-4.4,-6.1,-8.5,-150.0,-143.3,-131.4,-118.3,-105.7,-78.3,-66.0,-53.4,-40.3,-29.2,-88.6,-86.9,-85.3,-83.6,-96.1,-88.1,-80.1,-72.7,-65.8,-132.7,-125.2,-116.1,-106.9,-115.2,-124.1,-67.0,-59.2,-50.0,-41.2,-48.5,-57.5,-104.1,-94.9,-85.3,-77.5,-69.3,-57.4,-44.9,-54.7,-65.0,-74.0,-82.1,-92.5,-99.5,-84.0,-76.3,-67.7,-49.7,-67.3,-75.9,-83.7,-253.0,-233.7,-215.0,-197.0,-180.2,-166.1,-155.4,-147.4,-147.0,-152.5,-164.1,-178.1,-194.7,-213.8,-233.8,-253.9,-274.1,-263.8,-272.9,-276.5,-275.8,-272.6,-277.2,-284.4,-288.7,-289.1,-283.7,-258.7,-246.6,-234.6,-222.3,-213.2,-211.6,-210.5,-214.3,-218.1,-251.2,-255.4,-256.8,-253.9,-250.7,-249.3,-260.2,-266.0,-267.4,-265.8,-261.6,-260.0,-189.1,-195.0,-198.6,-198.0,-201.3,-201.3,-199.6,-189.0,-182.9,-180.4,-179.6,-181.6,-189.3,-191.9,-192.5,-194.9,-198.1,-192.3,-189.9,-189.3,1206.2,1204.2,1204.0,1202.8,1198.2,1187.5,1170.9,1152.2,1145.1,1150.0,1163.8,1175.9,1181.9,1182.8,1181.3,1181.4,1183.8,1174.5,1166.5,1158.0,1149.5,1141.7,1136.6,1139.6,1143.1,1146.4,1150.0,1137.4,1130.0,1122.3,1114.9,1133.0,1128.7,1124.8,1125.9,1127.6,1164.0,1158.9,1156.2,1153.6,1154.9,1157.6,1146.6,1146.1,1146.0,1147.4,1144.6,1144.8,1149.4,1133.6,1126.2,1123.8,1123.5,1129.2,1140.4,1128.3,1120.9,1121.0,1123.5,1133.2,1146.0,1127.8,1125.3,1125.0,1137.9,1123.6,1123.7,1126.7
46,0,0,0.975,-81.3,-222.6,1152.1,0.181,0.079,-0.18,-158.6,-154.5,-149.1,-142.6,-133.0,-119.5,-103.9,-86.7,-67.9,-49.4,-32.5,-18.0,-8.0,-4.3,-5.2,-7.1,-9.5,-151.3,-144.7,-132.9,-119.8,-107.1,-79.6,-67.4,-54.8,-41.7,-30.6,-89.9,-88.1,-86.5,-84.7,-97.2,-89.2,-81.2,-73.8,-66.9,-133.8,-126.4,-117.3,-108.1,-116.4,-125.3,-68.2,-60.5,-51.3,-42.5,-49.8,-58.8,-105.1,-95.9,-86.4,-78.6,-70.4,-58.5,-45.9,-55.7,-66.0,-75.0,-83.1,-93.6,-100.5,-85.1,-77.3,-68.8,-50.6,-68.3,-77.0,-84.8,-253.0,-233.8,-215.0,-197.0,-180.3,-166.2,-155.5,-147.5,-147.1,-152.7,-164.3,-178.4,-195.1,-214.3,-234.3,-254.6,-274.8,-263.8,-273.0,-276.7,-276.0,-272.7,-277.4,-284.7,-289.0,-289.6,-284.3,-258.9,-246.8,-234.8,-222.6,-213.4,-211.8,-210.7,-214.6,-218.3,-251.3,-255.6,-257.0,-254.1,-250.9,-249.5,-260.6,-266.3,-267.8,-266.3,-262.0,-260.3,-189.3,-195.2,-198.8,-198.2,-201.5,-201.6,-199.9,-189.2,-183.1,-180.5,-179.8,-181.8,-189.5,-192.1,-192.7,-195.1,-198.4,-192.5,-190.1,-189.5,1206.9,1205.0,1204.8,1203.7,1199.0,1188.3,1171.7,1153.1,1145.8,1150.5,1164.1,1176.0,1182.0,1182.9,1181.4,1181.4,1183.7,1175.5,1167.5,1159.0,1150.5,1142.8,1137.5,1140.3,1143.5,1146.6,1150.0,1138.2,1131.0,1123.4,1116.1,1134.1,1129.8,1125.9,1126.9,1128.5,1164.9,1159.7,1157.0,1154.5,1155.7,1158.5,1147.2,1146.6,1146.5,1147.8,1145.1,1145.4,1150.5,1134.9,1127.3,1124.9,1124.5,1130.1,1141.1,1129.3,1122.0,1122.2,1124.7,1134.4,1147.2,1128.9,1126.4,1126.0,1138.6,1124.6,1124.9,1127.9
