,face,confidence,pose_Tx,pose_Ty,pose_Tz,pose_Rx,pose_Ry,pose_Rz,X_0,X_1,X_2,X_3,X_4,X_5,X_6,X_7,X_8,X_9,X_10,X_11,X_12,X_13,X_14,X_15,X_16,X_17,X_18,X_19,X_20,X_21,X_22,X_23,X_24,X_25,X_26,X_27,X_28,X_29,X_30,X_31,X_32,X_33,X_34,X_35,X_36,X_37,X_38,X_39,X_40,X_41,X_42,X_43,X_44,X_45,X_46,X_47,X_48,X_49,X_50,X_51,X_52,X_53,X_54,X_55,X_56,X_57,X_58,X_59,X_60,X_61,X_62,X_63,X_64,X_65,X_66,X_67,Y_0,Y_1,Y_2,Y_3,Y_4,Y_5,Y_6,Y_7,Y_8,Y_9,Y_10,Y_11,Y_12,Y_13,Y_14,Y_15,Y_16,Y_17,Y_18,Y_19,Y_20,Y_21,Y_22,Y_23,Y_24,Y_25,Y_26,Y_27,Y_28,Y_29,Y_30,Y_31,Y_32,Y_33,Y_34,Y_35,Y_36,Y_37,Y_38,Y_39,Y_40,Y_41,Y_42,Y_43,Y_44,Y_45,Y_46,Y_47,Y_48,Y_49,Y_50,Y_51,Y_52,Y_53,Y_54,Y_55,Y_56,Y_57,Y_58,Y_59,Y_60,Y_61,Y_62,Y_63,Y_64,Y_65,Y_66,Y_67,Z_0,Z_1,Z_2,Z_3,Z_4,Z_5,Z_6,Z_7,Z_8,Z_9,Z_10,Z_11,Z_12,Z_13,Z_14,Z_15,Z_16,Z_17,Z_18,Z_19,Z_20,Z_21,Z_22,Z_23,Z_24,Z_25,Z_26,Z_27,Z_28,Z_29,Z_30,Z_31,Z_32,Z_33,Z_34,Z_35,Z_36,Z_37,Z_38,Z_39,Z_40,Z_41,Z_42,Z_43,Z_44,Z_45,Z_46,Z_47,Z_48,Z_49,Z_50,Z_51,Z_52,Z_53,Z_54,Z_55,Z_56,Z_57,Z_58,Z_59,Z_60,Z_61,Z_62,Z_63,Z_64,Z_65,Z_66,Z_67
0,0,0.975,83.9,-109.8,763.8,0.205,0.358,0.001,29.2,29.3,31.7,35.2,40.1,48.6,57.9,68.0,82.7,100.9,120.1,138.5,153.3,162.8,167.3,169.2,170.4,32.0,40.1,50.9,61.5,71.1,91.3,104.6,117.2,130.1,141.0,79.6,77.0,74.4,71.9,63.2,68.5,74.8,82.9,90.4,42.9,49.5,57.3,64.1,56.4,48.7,103.2,110.6,118.6,126.2,118.3,110.4,57.3,63.0,70.8,76.2,83.2,94.9,108.3,95.3,83.7,76.2,70.1,63.0,60.7,70.9,76.5,83.7,103.7,83.6,76.4,70.9,-160.3,-141.0,-120.8,-100.5,-79.5,-60.6,-44.8,-32.6,-28.5,-30.7,-40.2,-52.8,-68.0,-86.0,-106.0,-126.5,-147.0,-167.2,-172.0,-171.3,-167.4,-162.0,-161.2,-164.8,-166.2,-164.6,-158.5,-149.6,-137.5,-125.5,-113.2,-107.0,-103.4,-100.6,-102.3,-104.7,-153.2,-155.7,-155.1,-150.5,-149.4,-149.8,-148.1,-151.7,-150.7,-147.2,-145.3,-145.9,-80.5,-84.7,-86.5,-84.4,-85.7,-82.8,-77.9,-69.4,-66.4,-66.0,-67.1,-71.0,-79.7,-80.6,-79.7,-80.0,-77.6,-75.6,-75.1,-76.1,820.9,822.7,825.5,826.3,820.1,809.7,795.8,777.9,768.0,767.4,774.1,781.0,784.3,784.4,782.3,780.5,780.7,785.4,776.1,767.8,760.4,754.5,751.2,751.4,751.5,750.9,751.9,746.9,739.9,732.8,726.0,747.4,741.4,736.9,736.8,737.2,777.3,772.1,768.7,765.1,767.2,770.8,755.1,753.2,752.1,752.5,751.0,752.0,768.7,752.6,744.5,741.8,740.9,745.0,753.9,746.6,743.0,743.7,746.6,755.5,764.5,746.0,743.1,742.6,753.1,743.1,744.1,747.2
0,0,0.975,82.7,-110.4,762.9,0.202,0.354,0.006,27.9,28.0,30.3,33.7,38.6,47.1,56.4,66.6,81.3,99.5,118.7,137.2,152.1,161.6,166.2,168.2,169.5,30.9,38.9,49.7,60.3,70.0,90.5,103.8,116.4,129.3,140.2,78.5,75.9,73.3,70.9,62.2,67.5,73.6,81.8,89.3,41.7,48.3,56.1,63.0,55.2,47.5,102.2,109.6,117.7,125.2,117.3,109.5,55.9,61.7,69.5,75.0,82.0,93.7,107.2,94.1,82.5,74.9,68.8,61.7,59.3,69.6,75.3,82.5,102.6,82.4,75.2,69.6,-161.5,-142.2,-121.9,-101.5,-80.4,-61.5,-45.8,-33.7,-29.6,-31.7,-41.1,-53.5,-68.4,-86.1,-105.9,-126.2,-146.6,-167.7,-172.6,-172.0,-168.1,-162.7,-161.8,-165.4,-166.8,-165.2,-159.0,-150.2,-138.1,-126.1,-113.8,-107.5,-103.9,-101.1,-102.8,-105.2,-153.8,-156.3,-155.8,-151.0,-150.0,-150.4,-148.6,-152.3,-151.3,-147.7,-145.8,-146.5,-81.1,-85.2,-87.0,-84.9,-86.1,-83.2,-78.4,-70.2,-67.3,-66.9,-67.9,-71.8,-80.3,-80.9,-80.0,-80.4,-78.1,-76.5,-76.0,-77.0,820.2,822.0,824.9,825.7,819.4,808.8,794.7,776.7,766.8,766.3,773.1,780.3,783.8,783.9,781.9,780.2,780.5,784.7,775.4,767.2,759.7,753.8,750.4,750.7,750.9,750.4,751.5,746.1,739.1,732.0,725.1,746.6,740.6,736.0,735.9,736.3,776.5,771.2,767.8,764.3,766.3,769.9,754.5,752.5,751.5,751.8,750.3,751.4,767.6,751.5,743.4,740.7,739.9,744.0,753.0,745.6,741.9,742.6,745.5,754.4,763.4,745.0,742.2,741.6,752.0,742.0,743.0,746.0
0,0,0.975,81.1,-111.6,763.0,0.201,0.356,0.006,26.1,26.3,28.6,31.9,36.6,45.1,54.5,64.8,79.6,98.1,117.5,136.1,150.8,159.9,164.1,165.9,166.9,28.9,37.2,48.2,58.8,68.5,89.1,102.4,114.9,127.6,138.3,77.0,74.5,71.9,69.6,60.7,66.0,72.1,80.3,87.7,39.6,46.1,53.9,60.8,53.0,45.4,100.8,108.0,116.0,123.5,115.7,107.9,54.0,60.2,68.2,73.6,80.6,92.3,105.9,92.7,81.0,73.4,67.3,60.1,57.5,68.3,73.9,81.1,101.2,80.9,73.7,68.2,-163.3,-143.7,-123.0,-102.4,-81.1,-62.3,-46.9,-35.1,-31.1,-33.3,-42.7,-54.9,-69.6,-87.1,-106.6,-126.5,-146.4,-169.5,-174.1,-173.4,-169.5,-164.0,-162.9,-166.3,-167.6,-166.1,-160.2,-151.2,-139.1,-127.2,-114.8,-108.4,-104.9,-102.1,-103.8,-106.2,-155.1,-157.7,-157.1,-152.4,-151.3,-151.9,-149.7,-153.3,-152.3,-148.7,-146.9,-147.6,-82.3,-86.3,-88.0,-85.9,-87.2,-84.4,-79.7,-71.7,-68.7,-68.4,-69.3,-73.1,-81.5,-81.9,-81.1,-81.4,-79.4,-77.9,-77.4,-78.3,820.9,823.1,826.3,827.0,820.2,808.6,794.0,775.7,765.6,765.3,772.2,779.5,782.8,782.6,780.4,778.7,778.7,784.2,775.1,767.1,759.7,753.8,750.8,751.0,751.0,750.3,751.4,746.1,739.3,732.3,725.6,746.9,740.9,736.2,735.8,736.1,776.1,771.0,767.5,764.2,766.1,769.8,754.6,752.7,751.6,752.0,750.5,751.6,767.4,751.5,743.5,741.0,740.3,744.3,753.1,745.8,742.0,742.5,745.2,754.1,763.3,744.9,742.3,741.9,752.2,742.1,743.0,745.8
0,0,0.975,79.0,-112.6,761.5,0.21,0.345,0.015,24.1,23.8,25.7,28.7,33.2,41.6,51.1,61.8,76.9,95.4,114.7,133.1,148.0,157.4,161.9,163.9,165.3,27.5,35.3,46.1,56.7,66.4,87.1,100.2,112.8,125.5,136.3,75.2,72.5,69.8,67.2,58.3,63.7,70.0,78.4,86.1,38.6,45.1,52.8,59.7,52.0,44.5,98.8,106.1,114.1,121.5,113.7,106.0,51.6,57.9,66.1,71.6,78.7,90.6,104.4,90.9,79.1,71.5,65.3,57.8,55.1,66.2,71.9,79.3,99.6,79.0,71.8,66.1,-164.0,-144.9,-124.9,-104.8,-83.8,-64.6,-48.7,-36.3,-32.0,-34.1,-43.4,-55.5,-70.1,-87.5,-107.1,-126.9,-146.8,-170.9,-175.5,-174.6,-170.3,-164.5,-163.0,-166.6,-168.0,-166.5,-160.5,-152.0,-139.7,-127.6,-115.1,-109.5,-105.8,-102.8,-104.6,-107.1,-157.1,-159.4,-158.7,-153.9,-153.0,-153.7,-150.7,-154.1,-153.1,-149.6,-147.8,-148.5,-84.3,-87.5,-88.8,-86.7,-87.9,-85.4,-81.1,-73.0,-70.0,-69.6,-70.6,-74.5,-83.3,-83.1,-82.1,-82.5,-80.7,-79.0,-78.5,-79.5,818.9,821.0,824.1,825.2,819.1,808.2,793.5,774.8,764.7,764.8,772.3,780.1,784.1,784.2,781.5,779.3,779.1,782.8,773.3,765.0,757.5,751.6,748.3,748.5,748.8,748.5,749.8,744.2,737.2,730.1,723.2,745.3,739.3,734.6,734.7,735.3,774.5,769.3,765.9,762.9,764.7,768.2,753.0,751.0,750.1,750.5,749.0,750.0,767.1,750.5,742.3,739.9,739.1,743.4,752.9,744.8,740.6,741.0,743.7,752.9,763.0,744.0,741.3,740.9,751.7,740.9,741.7,744.5
0,0,0.975,76.0,-113.0,759.7,0.2,0.341,0.017,21.1,20.8,22.7,25.6,30.4,39.0,48.6,59.0,73.8,92.0,111.3,129.7,144.4,154.0,158.7,161.0,162.6,24.2,32.3,43.3,53.9,63.6,84.4,97.2,109.7,122.6,133.4,72.7,69.9,67.1,64.4,55.3,60.8,67.1,75.5,83.2,35.6,42.2,50.0,57.0,49.1,41.4,95.9,103.5,111.6,119.1,111.2,103.3,47.9,54.6,63.0,68.7,76.1,88.1,102.2,88.2,76.2,68.2,61.9,54.2,51.4,63.1,69.0,76.6,97.5,76.3,68.7,62.9,-164.1,-144.4,-123.9,-103.4,-82.5,-63.7,-48.4,-36.8,-32.8,-34.9,-44.0,-55.9,-70.4,-87.6,-107.0,-126.8,-146.7,-171.1,-176.0,-175.3,-171.0,-164.9,-163.6,-167.2,-168.6,-167.3,-161.3,-152.7,-140.2,-127.9,-115.3,-109.8,-106.1,-103.1,-104.9,-107.4,-157.6,-159.9,-159.0,-153.9,-153.2,-154.0,-150.8,-154.6,-153.6,-149.9,-148.0,-148.8,-85.7,-88.6,-89.6,-87.5,-88.7,-86.3,-82.3,-73.9,-70.7,-70.3,-71.3,-75.4,-84.6,-84.0,-83.0,-83.4,-81.8,-79.7,-79.1,-80.1,818.5,820.1,822.7,823.4,817.3,806.2,791.2,772.4,762.4,762.5,770.2,778.0,781.8,782.2,780.1,778.6,779.2,782.2,772.6,764.2,756.3,750.0,746.8,747.0,747.5,747.3,748.6,743.0,735.7,728.2,721.0,743.6,737.2,732.3,732.5,733.3,773.4,768.0,764.5,761.3,763.2,766.7,751.7,749.8,748.7,749.2,747.6,748.6,766.3,749.5,740.7,738.1,737.5,741.7,751.4,743.1,738.5,738.9,741.7,751.4,762.3,742.3,739.5,739.3,750.2,739.1,739.8,742.8
0,0,0.975,72.5,-113.3,758.5,0.195,0.333,0.021,17.1,16.8,18.6,21.6,26.4,35.1,44.8,55.1,69.9,88.1,107.4,125.7,140.5,150.1,154.8,157.1,158.7,20.7,29.0,40.1,50.7,60.3,81.1,94.1,106.7,119.6,130.4,69.3,66.6,63.8,61.3,51.9,57.4,63.7,72.1,79.8,31.9,38.6,46.4,53.4,45.5,37.7,92.5,100.1,108.2,115.7,107.8,99.9,44.2,51.2,59.7,65.3,72.7,84.8,99.0,84.9,72.6,64.7,58.4,50.6,47.7,59.8,65.6,73.2,94.3,72.8,65.2,59.5,-164.0,-144.4,-123.8,-103.4,-82.5,-63.9,-48.7,-37.1,-33.1,-35.1,-44.4,-56.3,-70.7,-87.8,-107.1,-126.6,-146.2,-172.0,-176.6,-175.7,-171.5,-165.4,-164.0,-167.6,-169.0,-167.7,-161.7,-153.1,-140.6,-128.3,-115.7,-110.2,-106.5,-103.5,-105.3,-107.8,-158.1,-160.4,-159.6,-154.6,-153.9,-154.6,-151.3,-155.0,-154.0,-150.3,-148.5,-149.3,-86.3,-89.1,-90.2,-88.1,-89.2,-86.8,-82.8,-74.2,-71.0,-70.6,-71.6,-75.9,-85.2,-84.5,-83.4,-83.8,-82.3,-80.1,-79.5,-80.5,817.7,819.3,821.8,822.4,815.9,804.5,789.5,770.9,761.1,761.4,769.3,777.3,781.0,781.3,779.2,777.9,778.5,780.9,771.4,763.1,755.3,749.0,745.8,746.4,747.0,747.1,748.6,741.8,734.5,726.9,719.7,742.2,735.9,731.0,731.2,732.1,772.4,767.1,763.6,760.4,762.2,765.7,751.0,749.2,748.2,748.6,746.9,748.0,765.5,748.5,739.6,737.1,736.5,740.9,750.8,742.3,737.6,737.9,740.6,750.5,761.4,741.3,738.5,738.3,749.7,738.1,738.7,741.6
0,0,0.975,68.5,-113.8,759.2,0.193,0.332,0.027,12.8,12.4,14.1,17.0,21.8,30.6,40.3,50.8,65.7,83.9,102.9,121.0,135.7,145.3,150.1,152.5,154.2,16.9,25.3,36.5,47.3,57.0,77.6,90.5,103.2,116.2,127.0,65.7,63.0,60.3,57.7,48.0,53.5,59.9,68.3,76.0,28.1,34.9,42.8,49.6,41.8,34.1,88.9,96.6,104.6,112.0,104.2,96.4,40.1,47.1,55.5,61.2,68.6,80.5,94.3,80.5,68.4,60.5,54.2,46.4,43.7,55.5,61.4,68.9,89.6,68.7,61.1,55.3,-164.5,-144.7,-124.0,-103.5,-82.5,-63.8,-48.5,-36.9,-32.9,-35.0,-44.3,-56.2,-70.8,-88.1,-107.6,-127.3,-147.1,-172.5,-177.5,-176.6,-172.2,-165.9,-164.4,-168.0,-169.4,-168.0,-161.8,-153.7,-141.3,-129.1,-116.5,-111.2,-107.4,-104.4,-106.2,-108.6,-158.9,-161.2,-160.3,-155.4,-154.7,-155.5,-151.7,-155.2,-154.2,-150.5,-148.8,-149.7,-87.0,-90.1,-91.2,-89.0,-90.1,-87.4,-83.0,-74.3,-71.2,-70.9,-72.0,-76.4,-85.9,-85.5,-84.4,-84.7,-82.5,-80.3,-79.8,-80.8,818.2,819.7,822.3,822.6,815.9,804.5,789.5,771.1,761.7,762.1,769.7,777.3,780.8,780.8,778.6,777.2,777.5,781.8,772.4,764.0,756.1,749.8,746.3,746.6,747.0,747.2,748.9,742.4,735.2,727.8,720.8,742.9,736.7,731.9,732.0,732.8,773.2,768.1,764.7,761.3,763.2,766.7,751.3,749.5,748.5,748.8,747.3,748.3,765.9,749.3,740.4,737.8,737.3,741.4,751.0,743.0,738.7,739.0,741.7,751.4,761.9,742.0,739.3,739.0,749.9,739.3,739.9,742.8
0,0,0.975,63.7,-113.9,759.0,0.179,0.306,0.038,7.5,6.8,8.4,11.3,16.3,25.1,35.0,45.9,60.8,78.7,97.2,115.0,129.7,139.5,144.7,147.4,149.2,12.3,21.1,32.4,43.2,52.8,73.4,86.5,99.2,112.2,123.0,61.5,58.8,56.2,53.7,43.7,49.2,55.7,64.1,71.9,23.1,30.1,38.1,45.1,37.1,29.2,84.5,92.5,100.7,108.1,100.3,92.2,35.7,42.6,51.1,56.8,64.0,75.9,89.4,75.8,63.9,56.1,49.7,41.9,39.3,51.0,56.8,64.3,84.7,64.1,56.6,50.8,-165.6,-146.0,-125.4,-104.8,-83.5,-64.4,-48.5,-36.4,-32.3,-34.1,-42.9,-54.7,-69.3,-86.8,-106.6,-127.0,-147.4,-172.9,-177.8,-176.8,-172.6,-166.6,-165.3,-169.0,-170.4,-168.9,-162.4,-154.3,-141.9,-129.7,-117.1,-111.6,-107.8,-104.8,-106.5,-108.9,-158.9,-161.6,-160.7,-155.5,-154.7,-155.4,-152.1,-156.1,-155.1,-151.1,-149.2,-150.0,-86.5,-90.2,-91.6,-89.4,-90.5,-87.6,-82.6,-73.9,-70.9,-70.7,-71.8,-76.1,-85.4,-85.8,-84.8,-85.0,-82.3,-79.9,-79.4,-80.5,817.1,818.3,820.6,820.9,814.6,804.0,790.2,772.2,762.5,762.8,770.5,778.7,782.7,783.1,781.3,780.1,780.6,781.3,772.6,764.6,757.3,751.7,748.3,748.9,749.7,750.1,751.9,744.0,736.5,728.9,721.6,743.4,737.3,732.4,732.8,733.8,774.0,769.1,765.8,762.2,764.2,767.7,753.0,751.7,750.9,751.3,749.4,750.2,765.4,748.6,740.3,737.8,737.3,741.8,751.6,743.1,738.6,738.9,741.5,750.8,761.2,741.7,739.0,738.8,750.5,739.4,740.0,742.9
0,0,0.975,58.1,-114.8,761.4,0.169,0.28,0.047,1.2,0.4,1.9,4.8,9.5,17.9,27.8,39.1,54.4,72.6,91.2,109.2,124.3,134.3,139.6,142.4,144.1,6.8,15.6,26.9,37.8,47.4,68.1,81.2,94.1,107.2,118.0,56.2,53.8,51.4,49.1,38.5,44.2,50.8,59.2,66.9,17.2,24.2,32.3,39.6,31.5,23.5,79.3,87.4,95.7,103.2,95.3,87.1,30.2,37.2,45.8,51.4,58.5,70.2,83.2,70.2,58.4,50.8,44.5,36.7,34.0,45.7,51.5,58.7,78.5,58.6,51.3,45.5,-165.9,-146.8,-126.7,-106.6,-85.7,-66.8,-50.9,-38.7,-34.4,-35.8,-44.3,-55.7,-70.0,-87.3,-106.9,-127.2,-147.6,-174.0,-178.8,-177.9,-173.8,-167.8,-166.6,-170.4,-171.7,-170.1,-163.6,-155.4,-142.8,-130.6,-117.9,-112.6,-108.8,-105.7,-107.5,-109.9,-159.8,-162.6,-161.8,-156.7,-155.9,-156.5,-153.3,-157.2,-156.1,-152.2,-150.4,-151.2,-87.0,-91.1,-92.8,-90.6,-91.7,-88.5,-83.0,-74.6,-71.7,-71.5,-72.6,-76.9,-86.1,-86.7,-85.7,-85.9,-82.9,-81.0,-80.6,-81.8,819.2,820.2,822.5,823.0,817.4,807.0,793.2,775.1,765.4,766.1,774.8,784.1,789.0,789.9,788.1,786.8,787.2,784.4,775.9,768.2,760.8,755.1,752.4,753.4,754.4,755.1,757.0,747.6,740.0,732.3,724.9,746.4,740.4,735.7,736.1,737.1,777.4,772.4,769.1,765.4,767.5,770.9,757.0,756.0,755.3,756.0,753.8,754.5,766.9,750.6,742.6,740.2,739.7,744.4,754.3,745.8,741.3,741.7,744.2,753.1,762.7,744.1,741.5,741.3,753.2,742.1,742.8,745.5
0,0,0.975,52.0,-116.5,768.3,0.175,0.276,0.057,-5.8,-6.5,-5.0,-2.5,1.7,9.6,19.0,30.2,46.0,64.8,84.4,103.0,118.1,127.8,132.7,135.8,137.8,0.3,9.2,20.8,31.9,41.8,62.6,75.9,88.8,102.0,112.7,50.9,48.5,46.1,43.8,32.6,38.5,45.2,53.7,61.4,11.6,18.8,26.9,34.2,26.1,18.2,73.9,81.8,90.0,97.5,89.6,81.6,22.9,30.2,39.4,45.3,52.9,64.7,77.2,64.6,52.8,44.7,37.8,29.5,26.9,39.3,45.6,53.2,72.6,52.9,45.2,38.9,-167.3,-148.1,-128.0,-108.3,-87.9,-69.3,-53.7,-41.3,-36.4,-37.6,-46.0,-57.6,-71.8,-89.2,-108.4,-128.2,-147.9,-176.5,-181.1,-179.9,-175.5,-169.2,-167.6,-171.3,-172.6,-171.0,-164.7,-156.8,-144.4,-132.1,-119.5,-114.4,-110.5,-107.4,-109.1,-111.4,-162.3,-164.5,-163.6,-158.7,-158.1,-159.0,-154.9,-158.2,-157.0,-153.3,-151.8,-152.8,-88.9,-93.6,-95.3,-92.9,-94.0,-90.4,-84.4,-75.4,-72.0,-71.7,-73.0,-77.7,-87.9,-88.5,-87.4,-87.3,-84.2,-82.6,-82.3,-83.5,823.9,825.4,828.4,829.7,824.6,814.1,799.5,781.1,771.4,772.4,781.3,790.5,795.1,795.4,792.7,791.0,791.1,791.3,782.2,774.2,766.7,760.6,758.1,758.8,759.6,760.1,761.7,754.1,747.2,740.2,733.5,754.0,748.1,743.7,744.1,745.1,783.6,778.5,775.1,771.9,773.8,777.3,763.4,761.7,760.9,761.3,759.7,760.7,774.1,757.7,749.3,746.6,746.0,750.4,759.9,752.5,748.4,749.0,751.7,760.8,770.0,751.7,748.8,748.3,759.1,748.6,749.4,752.4
0,0,0.975,45.3,-117.1,770.6,0.167,0.256,0.069,-12.9,-13.8,-12.7,-10.3,-6.3,1.6,11.2,22.9,38.9,57.4,76.4,94.6,109.9,120.0,125.4,128.7,130.8,-6.2,2.8,14.5,25.8,35.8,56.6,70.1,83.2,96.4,107.2,44.6,42.3,40.1,37.8,26.2,32.2,38.9,47.5,55.3,4.8,12.2,20.5,27.9,19.7,11.6,67.7,75.7,84.1,91.6,83.7,75.6,15.8,23.3,32.6,38.8,46.5,58.3,70.4,58.2,46.4,38.0,31.0,22.4,20.0,32.4,38.9,46.7,65.8,46.5,38.5,32.0,-168.2,-149.3,-129.5,-110.0,-89.5,-70.6,-54.5,-41.6,-36.5,-37.5,-45.7,-57.1,-71.2,-88.6,-108.3,-128.7,-149.0,-177.3,-182.0,-180.8,-176.4,-170.4,-168.8,-172.4,-173.6,-171.7,-165.1,-157.9,-145.4,-133.1,-120.5,-115.4,-111.5,-108.4,-110.1,-112.2,-163.1,-165.5,-164.6,-159.6,-159.0,-159.8,-155.7,-159.1,-157.9,-154.1,-152.5,-153.6,-89.5,-94.5,-96.4,-93.9,-94.9,-91.1,-84.6,-75.3,-71.8,-71.7,-73.1,-78.0,-88.5,-89.3,-88.2,-88.1,-84.5,-82.8,-82.6,-83.9,824.2,825.7,829.0,830.6,825.8,815.6,801.4,783.2,773.9,775.3,784.2,793.4,798.2,798.8,796.2,794.4,794.2,793.7,784.9,777.0,769.7,764.0,761.4,762.1,763.1,763.7,765.4,757.1,750.2,743.2,736.5,756.6,750.9,746.6,747.2,748.3,786.3,781.5,778.3,774.9,776.9,780.3,766.4,765.0,764.3,764.6,763.0,763.9,776.2,759.9,751.7,749.0,748.3,752.7,762.1,755.0,751.1,751.8,754.6,763.3,772.1,754.2,751.2,750.6,761.4,751.3,752.2,755.2
0,0,0.975,38.0,-117.2,768.7,0.171,0.24,0.073,-20.9,-22.0,-20.9,-18.7,-14.7,-6.7,2.9,14.8,30.7,49.3,68.3,86.7,102.1,112.4,117.9,121.3,123.5,-13.5,-4.5,7.4,18.9,29.0,49.7,63.1,76.0,89.2,99.8,37.8,35.6,33.3,31.1,19.3,25.2,32.0,40.5,48.2,-2.3,5.1,13.4,20.8,12.6,4.5,60.6,68.6,76.9,84.3,76.5,68.4,8.7,16.5,25.8,31.9,39.4,50.9,62.6,50.6,39.1,30.9,24.0,15.4,13.0,25.5,31.9,39.5,58.1,39.2,31.5,25.1,-168.8,-149.7,-129.8,-110.2,-89.6,-70.7,-54.7,-41.8,-36.6,-37.5,-45.6,-57.2,-71.5,-89.1,-108.9,-129.4,-149.9,-177.3,-182.1,-181.0,-176.6,-170.5,-169.0,-172.6,-173.9,-172.0,-165.3,-158.1,-145.7,-133.4,-120.8,-115.6,-111.7,-108.6,-110.3,-112.4,-163.4,-165.7,-164.8,-159.8,-159.2,-160.1,-155.9,-159.3,-158.1,-154.3,-152.7,-153.7,-89.5,-94.5,-96.3,-93.9,-94.9,-91.1,-84.6,-75.3,-71.9,-71.8,-73.2,-78.1,-88.5,-89.4,-88.2,-88.1,-84.5,-82.7,-82.5,-83.9,821.6,823.2,826.5,828.3,823.8,814.1,800.3,782.4,773.1,774.3,783.0,792.3,797.3,798.1,795.7,793.7,793.6,791.7,783.0,775.2,768.1,762.5,760.2,760.7,761.6,762.2,763.8,755.7,748.7,741.8,735.0,754.9,749.3,745.1,745.8,746.9,784.2,779.3,776.1,772.8,774.8,778.1,764.8,763.3,762.5,763.0,761.4,762.3,774.2,758.3,750.2,747.6,747.0,751.5,760.8,753.8,749.9,750.5,753.2,761.7,770.2,752.7,749.8,749.3,760.0,750.0,750.9,753.8
0,0,0.975,31.1,-118.1,768.8,0.158,0.213,0.081,-28.8,-30.0,-29.1,-26.9,-22.9,-14.8,-4.7,7.8,23.9,42.3,60.8,78.6,93.7,103.9,109.6,113.1,115.4,-20.7,-11.7,0.5,12.1,22.4,43.3,56.5,69.3,82.5,93.1,31.5,29.3,27.1,24.9,12.7,18.8,25.6,34.1,41.8,-9.4,-1.9,6.6,14.1,5.8,-2.4,54.2,62.4,70.8,78.2,70.5,62.3,1.8,10.0,19.4,25.4,32.9,44.0,55.4,43.6,32.3,24.3,17.4,8.8,6.1,19.0,25.3,32.8,50.8,32.5,24.9,18.6,-169.9,-150.8,-130.9,-111.1,-90.4,-71.4,-55.4,-42.8,-37.8,-38.6,-46.4,-57.4,-71.4,-88.9,-108.8,-129.5,-150.2,-178.4,-183.7,-182.6,-178.1,-171.7,-170.1,-173.9,-175.1,-173.4,-166.6,-159.6,-146.9,-134.4,-121.6,-116.7,-112.7,-109.5,-111.2,-113.4,-164.7,-167.2,-166.3,-161.2,-160.6,-161.4,-157.1,-160.5,-159.3,-155.4,-153.7,-154.8,-90.6,-95.2,-97.0,-94.5,-95.5,-91.7,-85.5,-76.6,-73.5,-73.4,-74.7,-79.5,-89.6,-90.3,-89.1,-89.0,-85.4,-84.0,-83.8,-85.1,822.2,823.5,826.6,828.1,823.2,812.9,798.5,780.8,772.3,774.5,784.2,794.3,799.8,800.9,798.4,796.3,795.9,792.5,784.0,776.3,769.1,763.5,761.8,762.4,763.4,764.0,765.8,756.7,749.4,742.0,734.9,754.8,749.4,745.3,746.2,747.5,784.8,780.2,777.2,773.8,775.8,778.9,766.3,765.2,764.7,765.3,763.5,764.1,773.5,758.1,750.6,748.3,748.0,752.4,761.5,754.1,750.1,750.3,752.7,760.8,769.4,752.7,750.1,749.9,760.4,750.6,751.1,753.8
0,0,0.975,24.2,-118.9,770.0,0.145,0.201,0.084,-36.2,-37.5,-36.7,-34.7,-30.4,-22.1,-12.0,0.4,16.6,34.9,53.7,71.4,86.3,96.3,101.9,105.5,107.9,-27.7,-18.2,-6.0,5.6,15.9,36.8,49.9,62.6,75.7,86.2,25.1,22.9,20.6,18.5,5.9,12.0,18.9,27.4,35.2,-16.1,-8.4,0.1,7.6,-0.7,-9.2,47.2,55.5,64.0,71.3,63.5,55.3,-5.7,2.9,12.5,18.6,26.3,37.4,48.8,36.7,25.4,17.2,10.2,1.5,-1.4,12.0,18.5,26.2,44.1,25.8,17.9,11.5,-171.4,-151.6,-130.9,-110.5,-89.6,-70.8,-55.2,-43.4,-38.9,-39.6,-47.2,-58.2,-72.3,-89.8,-109.6,-130.1,-150.9,-179.4,-184.5,-183.4,-179.0,-172.7,-171.1,-174.8,-175.9,-174.2,-167.4,-160.7,-147.9,-135.4,-122.6,-117.4,-113.5,-110.3,-111.9,-114.0,-165.5,-168.0,-167.1,-161.8,-161.2,-162.0,-157.8,-161.5,-160.2,-156.2,-154.5,-155.6,-91.5,-96.1,-97.8,-95.3,-96.4,-92.6,-86.4,-77.9,-74.9,-74.8,-76.1,-80.7,-90.5,-91.1,-89.9,-89.9,-86.2,-85.4,-85.2,-86.5,825.2,826.2,828.8,829.8,824.6,814.3,799.5,781.5,772.9,775.1,785.2,795.7,801.2,802.5,800.2,798.4,798.8,794.2,785.7,778.2,771.2,765.6,764.1,764.9,766.1,766.9,768.5,759.0,751.5,743.9,736.5,756.5,750.8,746.6,747.7,749.2,786.2,781.5,778.6,775.4,777.1,780.1,768.6,767.4,766.9,767.6,765.6,766.2,775.1,759.5,752.0,749.6,749.4,753.9,763.1,754.9,750.5,750.7,753.3,761.7,771.0,754.0,751.3,751.2,762.0,751.3,751.8,754.6
0,0,0.975,16.4,-119.0,771.4,0.13,0.181,0.087,-44.6,-46.0,-45.2,-43.2,-38.9,-30.5,-20.2,-7.5,8.8,27.0,45.4,62.8,77.6,87.5,93.0,96.4,98.7,-35.9,-26.4,-14.0,-2.2,8.1,29.4,42.4,55.1,68.2,78.6,17.6,15.6,13.4,11.4,-1.6,4.7,11.6,20.1,27.9,-24.3,-16.6,-8.0,-0.3,-8.7,-17.2,39.5,47.9,56.5,63.8,56.1,47.7,-13.5,-4.6,5.0,11.3,19.0,29.9,41.0,29.1,18.1,9.8,2.7,-6.1,-9.2,4.5,11.1,18.9,36.4,18.4,10.6,4.0,-171.4,-151.5,-130.6,-110.0,-89.1,-70.4,-55.0,-43.5,-39.0,-39.5,-46.7,-57.5,-71.4,-89.0,-109.1,-130.1,-151.1,-179.6,-184.9,-183.9,-179.5,-173.4,-171.7,-175.3,-176.5,-174.8,-167.8,-161.3,-148.4,-135.8,-122.8,-117.6,-113.7,-110.5,-112.2,-114.3,-165.8,-168.4,-167.5,-162.3,-161.6,-162.4,-158.3,-161.9,-160.7,-156.7,-155.0,-156.1,-91.4,-96.1,-97.9,-95.4,-96.5,-92.6,-86.4,-78.2,-75.4,-75.3,-76.6,-81.0,-90.5,-91.1,-89.9,-89.9,-86.3,-86.0,-85.8,-87.1,826.4,827.5,830.3,831.2,825.8,814.9,799.7,781.6,773.2,776.0,786.9,798.1,804.0,805.4,802.9,800.7,800.8,796.4,788.2,780.9,774.0,768.3,766.9,767.9,769.2,770.0,771.7,761.8,754.0,746.1,738.5,758.4,752.7,748.5,749.7,751.4,788.4,784.0,781.1,777.9,779.5,782.5,771.4,770.5,770.1,770.7,768.7,769.2,776.0,760.8,753.6,751.3,751.2,755.7,764.7,756.2,751.7,751.7,754.1,762.5,771.9,755.5,752.9,752.9,763.4,752.7,753.1,755.8
0,0,0.975,8.3,-118.4,770.0,0.126,0.17,0.089,-53.6,-55.0,-54.4,-52.6,-48.3,-39.6,-28.9,-15.8,0.6,18.9,37.4,54.9,69.6,79.4,84.8,88.2,90.5,-44.4,-34.6,-22.0,-10.2,0.2,21.8,34.9,47.6,60.6,71.1,9.9,7.8,5.8,3.9,-9.5,-3.2,3.8,12.3,20.0,-32.6,-24.8,-16.2,-8.6,-17.0,-25.5,31.6,40.0,48.5,55.9,48.1,39.8,-21.8,-12.6,-2.9,3.4,11.1,21.8,32.7,21.0,10.1,1.8,-5.3,-14.1,-17.4,-3.4,3.2,10.9,28.1,10.5,2.6,-4.0,-171.1,-151.0,-129.9,-109.2,-88.1,-69.4,-54.2,-42.9,-38.5,-39.2,-46.6,-57.5,-71.5,-89.1,-109.1,-129.9,-150.8,-179.2,-184.3,-183.2,-178.8,-172.7,-171.0,-174.5,-175.6,-173.9,-167.1,-160.5,-147.8,-135.3,-122.4,-117.0,-113.1,-110.0,-111.6,-113.7,-165.1,-167.6,-166.7,-161.6,-160.9,-161.7,-157.6,-161.1,-159.9,-155.9,-154.2,-155.3,-90.7,-95.4,-97.2,-94.7,-95.8,-92.0,-85.8,-78.1,-75.5,-75.4,-76.7,-80.8,-89.8,-90.3,-89.2,-89.1,-85.7,-86.1,-86.0,-87.2,825.5,826.8,829.8,830.8,825.1,814.0,798.6,780.3,771.9,774.8,785.6,796.7,802.7,803.9,801.5,799.2,799.3,795.3,787.1,779.8,773.1,767.5,766.1,767.2,768.5,769.3,771.2,760.9,753.2,745.5,737.9,757.5,751.9,747.8,749.0,750.6,787.2,782.8,780.0,776.8,778.3,781.3,770.7,769.7,769.3,770.0,767.9,768.4,774.6,759.6,752.6,750.4,750.3,754.8,763.7,755.0,750.4,750.4,752.8,761.1,770.5,754.4,751.9,752.0,762.2,751.4,751.7,754.4
0,0,0.975,1.0,-117.6,769.1,0.133,0.153,0.089,-61.4,-62.8,-62.2,-60.4,-56.1,-47.4,-36.6,-23.4,-6.8,11.7,30.0,47.3,61.7,71.3,76.7,80.1,82.3,-52.0,-42.2,-29.6,-17.6,-7.1,14.3,27.4,40.0,52.9,63.1,2.5,0.6,-1.3,-3.1,-16.7,-10.3,-3.2,5.2,12.9,-40.6,-32.8,-24.1,-16.4,-24.9,-33.5,24.2,32.7,41.2,48.6,40.9,32.5,-28.8,-19.5,-9.7,-3.5,4.1,14.8,25.6,14.0,3.1,-5.0,-12.0,-20.9,-24.5,-10.3,-3.8,3.9,20.9,3.5,-4.3,-10.8,-171.2,-151.1,-130.1,-109.4,-88.1,-69.2,-53.7,-41.9,-37.4,-38.1,-45.7,-56.8,-71.0,-88.7,-108.6,-129.1,-149.8,-178.1,-183.3,-182.4,-178.1,-172.0,-170.3,-173.7,-174.8,-172.9,-166.0,-159.6,-146.9,-134.4,-121.7,-116.2,-112.4,-109.2,-110.8,-113.0,-164.0,-166.7,-165.9,-160.6,-159.9,-160.6,-156.6,-160.3,-159.0,-155.0,-153.3,-154.3,-89.9,-94.6,-96.4,-94.0,-95.1,-91.4,-85.2,-77.4,-74.6,-74.4,-75.7,-79.8,-89.0,-89.9,-88.8,-88.8,-85.1,-84.6,-84.4,-85.6,824.8,826.0,828.7,829.5,824.3,813.7,799.1,781.1,772.5,775.4,786.1,797.2,803.1,804.1,801.8,800.0,800.3,793.8,785.7,778.5,771.7,766.3,765.3,766.6,768.2,769.1,771.3,760.0,752.1,744.1,736.4,756.3,750.7,746.4,747.6,749.3,786.0,781.6,778.8,775.7,777.3,780.2,770.1,769.4,769.2,770.1,767.7,768.1,773.6,758.5,751.7,749.6,749.7,754.6,764.0,755.1,750.0,749.9,752.0,760.1,769.7,753.3,751.0,751.3,762.4,751.2,751.3,753.7
0,0,0.975,-6.7,-116.2,768.1,0.111,0.165,0.089,-68.7,-69.8,-68.7,-66.6,-61.9,-52.9,-42.5,-29.8,-13.8,3.9,21.7,38.4,52.5,62.1,67.6,71.2,73.5,-60.0,-49.7,-36.9,-25.1,-14.6,6.9,20.0,32.5,45.5,55.8,-4.7,-6.7,-8.7,-10.6,-24.4,-18.0,-10.9,-2.4,5.4,-48.3,-40.4,-31.6,-24.0,-32.6,-41.2,16.5,25.2,33.7,41.0,33.3,24.9,-37.1,-27.9,-17.9,-11.5,-3.7,7.1,18.0,6.1,-5.1,-13.5,-20.7,-29.7,-32.8,-18.5,-11.8,-3.9,13.3,-4.4,-12.5,-19.2,-170.2,-148.9,-126.7,-105.0,-83.4,-64.6,-49.7,-39.1,-35.3,-36.0,-43.5,-54.4,-68.5,-86.1,-106.1,-127.0,-148.0,-177.0,-182.4,-181.4,-177.2,-171.2,-169.5,-172.7,-173.7,-172.0,-165.0,-159.2,-146.4,-133.8,-120.9,-115.5,-111.7,-108.5,-110.0,-112.2,-163.1,-166.0,-165.2,-159.8,-159.1,-159.9,-155.8,-159.5,-158.3,-154.0,-152.4,-153.5,-88.6,-93.9,-95.8,-93.3,-94.3,-90.3,-83.5,-75.2,-72.4,-72.3,-73.6,-78.1,-87.7,-89.3,-88.1,-88.0,-83.4,-82.6,-82.4,-83.7,825.8,826.6,828.9,828.9,822.3,811.0,796.0,777.8,769.0,771.4,781.8,792.4,797.6,798.3,796.2,795.0,796.0,793.7,785.7,778.5,771.5,765.7,764.9,766.3,767.4,768.2,770.1,759.0,751.0,743.0,735.2,755.4,749.2,744.5,745.5,747.1,785.5,781.3,778.5,774.8,776.6,779.6,768.8,768.3,767.8,768.4,766.1,766.7,773.4,758.3,750.9,748.4,748.5,753.0,761.8,753.3,748.6,748.7,751.1,759.8,769.3,752.2,749.6,749.7,760.6,750.0,750.3,753.1
0,0,0.975,-12.9,-114.3,759.2,0.142,0.127,0.065,-79.4,-80.7,-80.1,-78.0,-72.5,-62.0,-49.3,-34.3,-17.1,1.2,18.6,34.8,48.0,56.9,61.7,64.4,65.7,-67.0,-56.9,-44.2,-32.1,-21.4,0.6,13.2,25.3,37.8,47.6,-11.0,-12.5,-14.0,-15.4,-29.9,-23.2,-16.0,-7.8,-0.4,-55.0,-47.0,-38.3,-30.9,-39.3,-47.8,9.6,18.1,26.5,33.6,26.1,17.8,-42.7,-32.7,-22.6,-16.6,-9.5,0.9,11.5,-0.0,-10.6,-18.3,-25.0,-34.3,-38.4,-23.2,-16.9,-9.7,6.9,-10.2,-17.5,-23.8,-166.0,-145.8,-124.6,-103.3,-81.5,-62.2,-46.6,-35.7,-32.5,-35.0,-44.5,-57.0,-72.2,-90.2,-110.0,-130.2,-150.4,-173.9,-179.3,-178.8,-174.5,-168.5,-166.7,-170.1,-171.4,-169.8,-163.2,-155.9,-143.7,-131.6,-119.2,-113.1,-109.4,-106.4,-108.0,-110.3,-160.1,-162.9,-162.1,-156.9,-155.9,-156.7,-153.4,-157.0,-155.9,-151.9,-150.1,-151.0,-86.7,-91.3,-93.2,-90.9,-92.1,-88.6,-82.6,-74.3,-71.7,-71.5,-72.7,-76.7,-86.0,-86.8,-85.8,-85.9,-82.4,-81.3,-81.0,-82.1,816.9,818.7,821.3,821.4,815.0,804.3,789.4,771.9,764.2,767.3,777.3,787.3,792.7,793.5,791.1,788.9,789.0,781.7,774.1,767.6,761.8,757.4,756.8,758.5,759.7,760.3,762.0,750.0,742.0,733.9,726.2,745.7,740.7,737.0,738.3,740.0,774.0,770.1,767.8,764.8,766.0,768.6,760.6,759.8,760.0,761.2,758.6,758.5,764.5,749.4,742.5,740.8,741.3,746.4,756.5,746.8,741.5,740.7,742.6,750.6,760.9,743.8,741.8,742.6,754.6,742.8,742.4,744.4
0,0,0.975,-19.8,-112.8,757.4,0.143,0.115,0.066,-86.5,-87.9,-87.5,-85.5,-80.1,-69.5,-56.6,-41.3,-24.0,-5.7,11.5,27.5,40.5,49.2,53.9,56.6,57.8,-73.9,-63.8,-51.0,-38.9,-28.1,-6.0,6.5,18.5,31.0,40.7,-17.6,-19.0,-20.4,-21.7,-36.3,-29.7,-22.5,-14.4,-7.0,-61.7,-53.7,-45.0,-37.5,-45.9,-54.5,2.8,11.3,19.8,26.8,19.4,11.1,-49.9,-39.7,-29.3,-23.2,-16.1,-5.7,4.8,-6.6,-17.3,-24.9,-31.7,-41.4,-45.5,-29.8,-23.5,-16.4,0.2,-16.9,-24.2,-30.5,-164.5,-144.3,-123.1,-101.7,-79.9,-60.4,-44.6,-33.6,-30.4,-33.0,-42.7,-55.5,-70.7,-88.7,-108.5,-128.6,-148.8,-172.5,-177.8,-177.4,-173.1,-167.1,-165.4,-168.8,-170.1,-168.6,-162.0,-154.6,-142.4,-130.4,-118.0,-111.6,-108.0,-105.0,-106.6,-108.9,-158.6,-161.4,-160.7,-155.5,-154.5,-155.3,-152.1,-155.6,-154.5,-150.5,-148.7,-149.7,-85.2,-89.9,-91.8,-89.5,-90.7,-87.0,-81.0,-71.9,-69.1,-68.9,-70.0,-74.3,-84.4,-85.1,-84.1,-84.3,-80.8,-79.2,-78.9,-79.9,813.5,815.6,818.6,819.1,812.8,802.3,787.5,770.1,762.6,765.9,775.7,785.5,790.7,791.3,788.6,786.3,786.1,779.3,771.9,765.5,759.9,755.7,755.3,756.8,758.0,758.5,760.0,748.1,740.2,732.2,724.5,743.7,739.0,735.4,736.8,738.5,771.8,768.0,765.7,762.8,763.9,766.5,758.8,758.0,758.1,759.2,756.8,756.7,762.8,747.6,740.4,738.8,739.3,744.3,754.4,745.2,740.1,739.3,741.2,749.1,759.3,742.0,740.1,740.9,752.7,741.2,740.8,742.7
0,0,0.975,-26.3,-112.3,759.5,0.158,0.11,0.068,-93.8,-95.2,-94.7,-92.7,-87.1,-76.3,-63.4,-48.0,-30.6,-12.4,4.7,20.6,33.7,42.5,47.4,50.0,51.3,-80.4,-70.3,-57.6,-45.5,-34.6,-12.5,-0.1,11.9,24.3,34.1,-24.1,-25.5,-26.8,-28.1,-42.7,-36.1,-28.9,-20.8,-13.4,-68.3,-60.2,-51.4,-44.0,-52.3,-61.0,-3.7,4.7,13.2,20.2,12.8,4.5,-56.7,-46.2,-35.7,-29.7,-22.6,-12.1,-1.4,-13.0,-23.9,-31.4,-38.2,-47.9,-52.3,-36.3,-30.0,-22.9,-6.0,-23.5,-30.7,-37.0,-164.3,-144.4,-123.6,-102.3,-80.5,-60.7,-44.5,-33.1,-29.7,-32.4,-42.4,-55.3,-70.7,-88.7,-108.4,-128.4,-148.6,-171.9,-177.1,-176.6,-172.3,-166.4,-164.6,-168.1,-169.2,-167.6,-161.0,-153.9,-141.7,-129.6,-117.1,-110.8,-107.2,-104.3,-105.9,-108.0,-158.1,-160.9,-160.1,-154.9,-153.9,-154.7,-151.4,-155.0,-153.8,-149.8,-148.0,-148.9,-84.9,-89.1,-90.9,-88.6,-89.7,-86.3,-80.4,-71.3,-68.5,-68.3,-69.5,-73.9,-84.0,-84.3,-83.2,-83.4,-80.2,-78.6,-78.3,-79.4,815.3,817.5,820.6,821.0,814.8,804.4,790.0,773.1,765.9,768.9,778.5,787.9,792.7,793.1,790.2,787.5,787.0,780.2,772.7,766.3,760.9,756.8,756.2,757.7,758.8,759.1,760.4,749.1,741.4,733.5,726.0,745.5,740.8,737.4,738.7,740.3,773.0,769.2,766.9,764.0,765.2,767.8,759.8,758.8,759.0,760.1,757.8,757.7,765.8,750.2,742.9,741.3,741.6,746.7,757.1,747.7,742.5,741.7,743.6,751.8,762.3,744.5,742.6,743.3,755.4,743.5,743.0,745.0
0,0,0.975,-32.7,-111.4,760.7,0.158,0.101,0.064,-101.1,-102.5,-102.0,-99.8,-93.9,-82.8,-69.4,-53.8,-36.4,-18.3,-1.3,14.3,27.2,35.9,40.7,43.3,44.5,-87.4,-77.1,-64.3,-52.0,-41.1,-19.2,-6.7,5.3,17.8,27.5,-30.5,-31.8,-33.1,-34.2,-49.1,-42.4,-35.1,-27.0,-19.6,-75.1,-67.0,-58.3,-50.8,-59.1,-67.8,-10.3,-1.9,6.6,13.6,6.3,-2.0,-63.0,-52.4,-41.9,-35.8,-28.7,-18.3,-7.7,-19.1,-29.8,-37.5,-44.3,-54.0,-58.6,-42.5,-36.1,-28.9,-12.3,-29.5,-36.8,-43.1,-163.4,-143.4,-122.3,-100.9,-79.0,-59.5,-43.7,-32.7,-29.6,-32.4,-42.3,-55.0,-70.2,-88.0,-107.7,-127.6,-147.7,-170.8,-176.1,-175.6,-171.4,-165.3,-163.7,-167.2,-168.5,-166.9,-160.4,-152.9,-140.7,-128.6,-116.2,-109.8,-106.3,-103.3,-104.9,-107.2,-157.0,-159.8,-159.1,-153.9,-152.9,-153.6,-150.5,-154.1,-153.0,-149.0,-147.2,-148.1,-83.8,-88.0,-89.8,-87.5,-88.7,-85.3,-79.6,-70.8,-67.9,-67.7,-68.8,-73.1,-83.0,-83.3,-82.3,-82.5,-79.4,-77.8,-77.5,-78.5,816.9,819.2,822.4,822.9,816.4,805.7,790.9,773.9,766.7,770.1,779.9,789.4,794.3,794.7,791.8,789.2,788.8,781.3,773.8,767.4,761.8,757.6,757.2,758.8,760.0,760.5,762.1,750.1,742.4,734.5,727.0,746.6,741.9,738.4,739.7,741.4,774.0,770.2,767.9,765.1,766.2,768.7,761.0,760.1,760.3,761.5,759.1,759.0,766.7,751.3,744.1,742.5,743.0,748.2,758.6,749.2,743.9,743.1,744.9,752.9,763.2,745.7,743.8,744.6,756.8,744.9,744.4,746.3
0,0,0.975,-39.0,-110.7,763.0,0.165,0.096,0.057,-108.1,-109.4,-108.8,-106.4,-100.3,-88.9,-75.3,-59.6,-42.1,-23.9,-6.9,8.8,21.7,30.3,34.9,37.4,38.4,-94.2,-83.9,-70.9,-58.7,-47.7,-26.0,-13.4,-1.2,11.3,21.0,-37.2,-38.4,-39.5,-40.5,-55.2,-48.5,-41.3,-33.3,-26.1,-81.9,-73.9,-65.2,-57.6,-65.9,-74.5,-17.1,-8.7,-0.3,6.8,-0.6,-8.8,-68.7,-58.5,-48.2,-42.0,-34.7,-24.5,-14.5,-25.2,-35.5,-43.3,-50.4,-59.9,-64.2,-48.7,-42.2,-34.9,-19.1,-35.3,-42.7,-49.3,-162.2,-142.4,-121.5,-100.3,-78.8,-59.6,-44.0,-33.0,-29.8,-32.6,-42.6,-55.4,-70.5,-88.2,-107.7,-127.5,-147.4,-170.1,-175.1,-174.6,-170.4,-164.5,-163.1,-166.5,-167.8,-166.2,-159.8,-151.8,-139.7,-127.8,-115.5,-109.0,-105.5,-102.7,-104.2,-106.4,-155.9,-158.5,-157.8,-152.9,-151.9,-152.5,-149.8,-153.2,-152.1,-148.4,-146.6,-147.5,-82.4,-87.1,-89.2,-86.9,-88.1,-84.6,-78.7,-69.9,-66.9,-66.6,-67.7,-72.0,-81.7,-82.4,-81.4,-81.6,-78.5,-77.2,-76.8,-77.9,818.9,821.7,825.6,826.6,820.1,809.0,793.5,776.5,769.7,773.4,783.2,792.4,797.2,797.6,794.5,791.8,791.2,783.6,775.8,769.4,763.6,759.2,758.8,760.4,762.0,762.6,764.5,752.2,744.7,737.0,729.6,749.0,744.5,741.2,742.3,743.7,776.2,772.2,769.9,767.3,768.4,770.9,763.1,762.1,762.3,763.7,761.2,761.2,767.8,752.8,746.0,744.4,744.8,749.8,759.8,751.6,747.0,746.2,748.1,755.4,764.3,748.0,746.1,746.8,758.2,747.4,747.0,749.0
0,0,0.975,-45.2,-110.8,771.1,0.147,0.1,0.081,-112.1,-113.5,-112.9,-110.5,-105.1,-94.8,-82.4,-67.9,-51.0,-33.3,-16.4,-0.4,13.5,23.2,28.7,32.0,33.6,-99.9,-89.1,-76.3,-64.2,-53.6,-31.9,-19.0,-6.6,6.1,16.4,-43.4,-44.7,-45.9,-47.0,-61.6,-55.1,-47.9,-39.8,-32.5,-88.4,-80.4,-71.6,-63.7,-72.2,-80.9,-22.7,-14.3,-5.8,1.5,-6.1,-14.4,-74.7,-64.9,-54.9,-48.7,-41.3,-31.1,-21.3,-31.9,-42.2,-50.1,-57.2,-66.4,-70.1,-55.5,-49.0,-41.6,-25.8,-42.0,-49.5,-56.1,-163.9,-144.0,-122.9,-101.9,-80.6,-61.7,-46.3,-35.0,-31.0,-32.2,-40.3,-51.6,-65.7,-83.1,-102.8,-123.5,-144.2,-171.7,-176.1,-174.9,-170.7,-165.0,-163.7,-167.0,-168.2,-166.6,-160.3,-152.5,-140.0,-127.8,-115.1,-109.2,-105.6,-102.7,-104.2,-106.3,-156.8,-159.4,-158.6,-153.6,-152.7,-153.4,-150.1,-153.7,-152.5,-148.6,-146.8,-147.8,-82.1,-87.3,-89.5,-87.1,-88.2,-84.2,-77.8,-69.4,-66.5,-66.4,-67.6,-72.0,-81.4,-82.6,-81.6,-81.6,-77.7,-77.2,-77.0,-78.1,825.8,828.0,832.0,833.3,827.4,816.4,801.3,784.2,776.5,779.6,789.8,800.0,805.2,805.9,803.1,800.7,800.2,793.2,785.4,778.7,772.4,767.2,766.1,767.8,769.5,770.5,772.9,760.7,753.3,745.7,738.4,758.0,752.8,748.9,749.9,751.3,786.7,782.4,779.6,776.5,778.0,781.0,771.1,770.4,770.3,771.4,769.0,769.2,775.7,760.8,754.0,752.0,752.1,756.9,766.1,758.4,754.5,754.3,756.4,763.8,771.6,756.1,753.8,754.1,764.8,754.8,755.0,757.3
0,0,0.975,-48.7,-109.0,765.7,0.178,0.088,0.049,-119.7,-120.7,-119.6,-116.5,-109.4,-97.3,-83.3,-67.9,-50.8,-33.2,-16.8,-1.5,11.5,20.4,25.4,28.1,29.2,-104.8,-94.5,-81.4,-69.0,-58.0,-36.0,-23.5,-11.3,1.1,10.8,-47.4,-48.4,-49.3,-50.2,-64.8,-58.1,-50.9,-43.1,-36.1,-92.4,-84.3,-75.6,-68.1,-76.3,-84.9,-27.0,-18.8,-10.4,-3.3,-10.7,-18.9,-76.3,-66.9,-57.3,-51.3,-44.3,-34.7,-25.7,-35.2,-44.7,-52.2,-59.1,-68.1,-71.8,-57.8,-51.5,-44.4,-30.2,-44.6,-51.8,-58.1,-161.1,-141.0,-119.9,-98.6,-76.8,-57.7,-42.1,-31.2,-28.1,-31.0,-41.1,-53.8,-68.9,-86.7,-106.4,-126.6,-146.7,-167.7,-172.9,-172.4,-168.3,-162.6,-161.3,-164.6,-166.0,-164.4,-158.1,-149.8,-137.6,-125.7,-113.4,-107.1,-103.8,-101.0,-102.6,-104.8,-153.9,-156.5,-155.9,-151.0,-149.9,-150.5,-148.1,-151.5,-150.4,-146.9,-144.9,-145.7,-80.0,-85.3,-87.7,-85.5,-86.8,-83.1,-76.9,-68.2,-65.1,-64.7,-65.8,-69.9,-79.4,-81.0,-80.1,-80.4,-76.8,-75.4,-74.9,-75.9,821.6,824.8,829.2,830.0,823.0,811.7,796.5,780.8,774.9,778.6,787.6,796.0,800.4,800.7,797.5,794.6,793.5,785.6,777.8,771.3,765.7,761.3,760.6,762.0,763.4,763.9,765.9,754.5,747.2,739.9,732.8,751.6,747.3,744.1,745.0,746.2,778.4,774.3,772.0,769.2,770.6,773.3,764.8,763.7,763.9,765.5,763.0,762.8,768.9,754.8,748.8,747.2,747.6,752.3,761.6,754.8,751.3,750.6,752.2,758.2,765.5,750.8,749.0,749.7,760.0,751.3,751.0,752.8
0,0,0.975,-52.9,-108.2,765.9,0.18,0.08,0.047,-124.4,-125.3,-124.1,-121.0,-113.9,-101.8,-87.8,-72.2,-55.0,-37.2,-20.8,-5.6,7.2,16.0,20.8,23.4,24.3,-109.2,-98.8,-85.7,-73.4,-62.6,-40.5,-27.9,-15.8,-3.5,6.2,-51.9,-52.7,-53.5,-54.2,-68.9,-62.2,-55.0,-47.2,-40.2,-97.0,-89.0,-80.3,-72.7,-81.0,-89.5,-31.5,-23.3,-15.0,-7.9,-15.2,-23.4,-80.6,-71.1,-61.6,-55.3,-48.2,-38.5,-29.7,-39.0,-48.6,-56.3,-63.3,-72.2,-76.0,-62.0,-55.6,-48.3,-34.0,-48.5,-55.9,-62.4,-159.8,-140.0,-119.1,-98.0,-76.4,-57.2,-41.5,-30.3,-27.1,-29.9,-40.0,-52.7,-67.9,-85.8,-105.7,-126.0,-146.2,-166.8,-171.8,-171.2,-167.2,-161.7,-160.5,-163.9,-165.2,-163.7,-157.5,-148.9,-136.7,-124.7,-112.3,-106.2,-102.7,-100.0,-101.6,-103.9,-152.8,-155.5,-155.0,-150.1,-149.0,-149.5,-147.4,-150.8,-149.8,-146.3,-144.3,-145.0,-78.9,-84.2,-86.7,-84.4,-85.7,-82.1,-76.0,-67.4,-64.3,-63.9,-65.0,-69.1,-78.4,-80.2,-79.2,-79.5,-75.9,-74.2,-73.7,-74.8,821.4,824.5,828.9,829.8,822.9,811.7,796.6,780.7,774.7,778.4,787.7,796.3,800.8,801.1,797.8,794.8,793.6,785.1,777.3,771.0,765.5,761.1,760.4,761.9,763.3,764.0,766.2,754.4,747.1,739.7,732.7,751.7,747.3,744.1,744.9,746.1,778.3,774.4,772.0,769.4,770.7,773.3,764.9,763.9,764.1,765.7,763.2,763.0,769.1,755.0,749.2,747.5,747.9,752.8,761.9,755.1,751.5,750.8,752.4,758.4,765.6,751.0,749.1,749.8,760.4,751.6,751.3,753.2
0,0,0.975,-56.4,-107.0,765.9,0.176,0.068,0.05,-127.6,-128.8,-128.0,-125.2,-118.6,-106.8,-92.8,-76.8,-59.1,-41.0,-24.5,-9.2,3.8,12.6,17.3,19.8,20.6,-112.6,-102.2,-89.1,-76.8,-65.9,-43.9,-31.2,-19.0,-6.7,2.9,-55.3,-56.0,-56.7,-57.3,-72.2,-65.5,-58.2,-50.4,-43.4,-100.6,-92.7,-84.0,-76.4,-84.5,-93.1,-34.8,-26.7,-18.4,-11.4,-18.6,-26.7,-84.0,-74.4,-64.8,-58.5,-51.4,-41.7,-33.0,-42.2,-51.7,-59.4,-66.5,-75.5,-79.4,-65.3,-58.8,-51.5,-37.3,-51.7,-59.1,-65.6,-157.8,-138.4,-118.1,-97.4,-76.0,-56.7,-40.7,-29.1,-25.5,-28.3,-38.5,-51.5,-66.8,-84.8,-104.7,-124.9,-145.1,-165.6,-170.5,-169.9,-166.0,-160.5,-159.4,-162.8,-164.2,-162.5,-156.4,-147.7,-135.6,-123.6,-111.3,-105.1,-101.7,-98.9,-100.6,-102.9,-151.6,-154.3,-153.8,-149.1,-148.0,-148.5,-146.5,-149.9,-148.8,-145.4,-143.4,-144.2,-77.6,-83.1,-85.5,-83.3,-84.6,-81.1,-74.8,-66.3,-63.1,-62.7,-63.9,-67.9,-77.1,-78.9,-78.1,-78.3,-74.8,-73.1,-72.6,-73.6,819.8,823.2,827.7,829.1,822.8,812.0,797.2,781.0,774.5,778.3,787.6,796.5,801.5,802.0,798.8,795.7,794.3,785.1,777.4,771.2,765.7,761.6,761.0,762.6,764.1,764.9,767.4,754.7,747.4,740.1,733.0,751.9,747.5,744.4,745.2,746.5,778.5,774.6,772.3,769.8,771.0,773.6,765.6,764.6,764.8,766.4,763.9,763.7,768.9,754.8,749.1,747.4,747.8,752.8,762.1,755.3,751.6,750.9,752.5,758.3,765.4,750.9,749.1,749.8,760.5,751.6,751.4,753.2
0,0,0.975,-59.3,-105.3,764.9,0.187,0.067,0.05,-130.5,-131.7,-130.8,-128.1,-121.7,-110.1,-96.2,-80.1,-62.3,-44.1,-27.6,-12.2,0.7,9.5,14.2,16.6,17.4,-115.4,-105.0,-92.0,-79.6,-68.6,-46.9,-34.1,-21.9,-9.6,0.0,-58.1,-58.8,-59.4,-59.9,-74.8,-68.1,-61.0,-53.2,-46.2,-103.4,-95.4,-86.8,-79.1,-87.3,-95.8,-37.7,-29.6,-21.3,-14.3,-21.5,-29.6,-87.1,-77.5,-67.6,-61.4,-54.5,-44.6,-35.9,-45.1,-54.9,-62.5,-69.4,-78.8,-82.4,-68.1,-61.7,-54.7,-40.1,-55.0,-62.2,-68.6,-156.0,-136.7,-116.6,-96.1,-74.7,-55.4,-39.3,-27.2,-23.4,-26.2,-36.6,-49.9,-65.5,-83.8,-103.6,-123.9,-144.0,-163.8,-168.7,-168.1,-164.2,-158.8,-157.8,-161.4,-162.7,-161.1,-155.0,-146.1,-134.1,-122.2,-109.9,-103.7,-100.2,-97.5,-99.2,-101.4,-149.9,-152.5,-152.1,-147.5,-146.3,-146.8,-145.0,-148.2,-147.2,-143.8,-141.9,-142.7,-75.9,-81.7,-84.2,-82.0,-83.3,-79.6,-72.9,-63.2,-59.6,-59.3,-60.4,-65.0,-75.4,-77.4,-76.6,-76.7,-72.9,-70.1,-69.7,-70.8,816.7,820.3,825.2,827.0,821.2,811.1,796.8,781.0,774.6,778.0,787.0,795.3,799.9,799.9,796.4,793.0,791.3,783.0,775.5,769.3,763.9,759.8,759.4,760.8,762.1,762.6,764.8,752.8,745.9,738.9,732.2,750.6,746.5,743.5,744.3,745.5,776.7,772.9,770.6,768.0,769.3,771.9,763.6,762.4,762.6,764.1,761.8,761.7,768.6,754.3,748.0,746.3,746.6,751.6,760.9,754.8,751.5,751.1,752.7,758.6,765.2,750.2,748.3,748.8,759.7,751.2,751.1,752.9
0,0,0.975,-62.2,-104.3,766.9,0.183,0.068,0.046,-134.0,-135.0,-134.1,-131.1,-124.3,-112.3,-98.2,-82.2,-64.6,-46.6,-30.3,-15.0,-2.2,6.5,11.2,13.6,14.3,-118.6,-108.0,-94.9,-82.5,-71.5,-49.8,-37.1,-25.0,-12.6,-2.9,-60.9,-61.6,-62.2,-62.7,-77.8,-71.0,-63.8,-55.9,-49.0,-106.7,-98.6,-89.9,-82.2,-90.4,-99.0,-40.6,-32.5,-24.2,-17.1,-24.4,-32.5,-90.1,-80.5,-70.4,-64.3,-57.4,-47.5,-38.6,-47.9,-57.8,-65.3,-72.3,-81.8,-85.4,-70.9,-64.5,-57.6,-42.9,-57.8,-65.0,-71.4,-154.9,-135.3,-114.7,-93.9,-72.4,-53.2,-37.4,-25.8,-22.4,-25.4,-36.0,-49.3,-64.8,-83.0,-102.7,-122.9,-142.8,-162.8,-167.7,-167.2,-163.3,-157.9,-156.9,-160.4,-161.9,-160.4,-154.3,-145.2,-133.1,-121.2,-109.0,-102.6,-99.2,-96.5,-98.2,-100.5,-148.7,-151.3,-150.9,-146.3,-145.1,-145.7,-143.8,-147.1,-146.1,-142.8,-140.8,-141.6,-74.8,-80.8,-83.4,-81.2,-82.5,-78.7,-71.9,-62.2,-58.6,-58.2,-59.4,-63.9,-74.3,-76.4,-75.6,-75.7,-71.8,-69.4,-68.9,-69.9,819.2,822.9,827.9,829.6,823.5,813.0,798.6,782.9,776.5,779.9,788.4,796.7,800.9,800.7,797.2,794.1,792.5,784.7,777.4,771.4,766.1,762.1,761.5,762.9,764.2,764.7,766.7,755.0,748.1,741.2,734.5,752.8,748.6,745.5,746.4,747.5,778.8,774.9,772.6,769.8,771.2,773.9,765.6,764.4,764.6,766.0,763.7,763.7,770.7,756.2,749.8,748.1,748.5,753.4,762.8,756.7,753.4,752.8,754.4,760.5,767.2,752.1,750.2,750.8,761.6,753.0,752.9,754.6
0,0,0.975,-64.7,-104.6,776.2,0.167,0.059,0.042,-137.7,-138.7,-137.8,-134.9,-128.0,-115.8,-101.3,-84.6,-66.7,-48.6,-32.2,-17.0,-4.3,4.1,8.7,11.4,12.5,-122.5,-112.1,-98.6,-85.7,-74.3,-52.7,-40.0,-27.8,-15.2,-5.2,-63.8,-64.4,-65.0,-65.6,-81.0,-73.9,-66.3,-58.3,-51.1,-110.2,-102.0,-93.2,-85.3,-93.7,-102.3,-42.6,-34.3,-25.8,-18.6,-25.9,-34.3,-93.0,-82.8,-73.0,-66.5,-59.3,-49.4,-40.3,-49.7,-59.4,-67.2,-74.4,-83.8,-88.2,-73.4,-66.7,-59.4,-44.8,-59.5,-67.0,-73.7,-154.3,-134.8,-114.6,-94.0,-72.7,-53.7,-38.1,-26.8,-23.6,-26.6,-36.8,-49.5,-64.9,-83.1,-103.1,-123.5,-143.6,-162.5,-168.3,-168.1,-164.1,-158.4,-157.3,-161.0,-162.6,-161.3,-155.0,-145.2,-133.3,-121.6,-109.4,-102.7,-99.3,-96.6,-98.4,-100.8,-148.2,-150.7,-150.2,-145.8,-144.4,-144.9,-143.3,-146.4,-145.5,-142.3,-140.2,-140.9,-75.0,-80.7,-83.2,-81.0,-82.4,-78.9,-72.5,-64.3,-61.2,-60.7,-61.6,-65.3,-74.5,-76.4,-75.6,-75.9,-72.5,-71.1,-70.6,-71.5,829.7,832.6,837.0,838.2,832.3,821.5,806.8,791.0,785.0,789.1,797.8,806.6,811.0,811.0,807.8,805.4,804.5,796.3,788.7,782.1,776.5,772.5,771.8,772.9,774.0,774.3,775.9,765.8,758.8,751.6,744.8,762.8,758.9,755.9,756.8,758.0,789.8,785.8,783.5,780.7,782.3,784.9,776.0,775.0,775.3,776.8,774.5,774.3,779.2,765.1,759.5,757.9,758.5,763.3,772.5,765.5,761.5,760.6,762.0,768.0,775.8,761.2,759.5,760.2,770.7,761.7,761.3,763.0
0,0,0.975,-66.7,-104.7,782.4,0.147,0.062,0.034,-141.1,-141.8,-140.7,-137.5,-129.7,-116.4,-101.8,-85.4,-67.8,-49.9,-33.3,-18.2,-5.9,2.2,6.5,9.1,10.4,-125.6,-114.7,-101.0,-88.0,-76.5,-54.9,-42.2,-30.0,-17.3,-6.9,-65.8,-66.5,-67.2,-67.8,-83.6,-76.2,-68.4,-60.1,-52.6,-112.5,-104.2,-95.5,-87.7,-96.1,-104.6,-44.8,-36.2,-27.9,-20.7,-28.2,-36.4,-96.1,-85.1,-75.1,-68.5,-60.9,-51.0,-41.0,-51.4,-61.1,-69.1,-76.4,-85.9,-91.4,-75.5,-68.6,-61.0,-45.7,-61.2,-68.9,-75.8,-154.9,-134.4,-113.1,-91.5,-70.0,-51.4,-36.8,-26.9,-24.5,-27.5,-37.5,-49.9,-65.1,-83.3,-103.3,-123.5,-143.6,-162.5,-168.5,-168.3,-164.2,-158.4,-157.3,-161.1,-162.8,-161.9,-155.7,-145.4,-133.4,-121.4,-109.1,-102.4,-99.0,-96.2,-98.2,-100.7,-147.7,-149.7,-149.3,-145.6,-144.1,-144.5,-143.3,-145.8,-144.8,-142.1,-140.1,-140.8,-75.6,-80.3,-82.5,-80.4,-81.9,-78.9,-73.5,-66.8,-64.3,-63.7,-64.5,-67.3,-75.0,-75.8,-75.0,-75.5,-73.4,-74.1,-73.4,-74.1,839.8,842.3,846.5,847.0,839.7,827.3,811.0,794.6,789.1,793.9,803.6,812.9,817.0,816.7,813.5,811.3,811.2,804.4,796.5,789.6,784.0,779.4,778.3,779.9,781.1,781.6,783.2,773.2,765.9,758.5,751.5,769.8,765.5,762.2,763.4,765.0,797.0,793.0,790.8,788.0,789.3,791.8,783.3,782.4,782.6,783.9,781.7,781.5,786.3,772.1,766.5,764.9,765.7,770.4,779.9,770.9,765.7,764.4,766.0,773.0,782.7,767.8,766.2,767.1,777.6,766.5,765.7,767.5
0,0,0.975,-68.6,-104.3,785.8,0.144,0.051,0.038,-143.3,-143.9,-143.0,-140.0,-132.6,-119.7,-105.2,-88.4,-70.4,-52.1,-35.4,-20.2,-7.9,0.1,4.4,7.2,8.6,-127.7,-116.9,-103.1,-90.1,-78.4,-56.6,-43.7,-31.4,-18.6,-8.3,-67.7,-68.3,-69.0,-69.5,-85.5,-78.0,-70.2,-61.9,-54.4,-114.8,-106.5,-97.7,-89.8,-98.2,-106.8,-46.4,-37.8,-29.3,-22.1,-29.6,-37.8,-98.2,-86.9,-76.9,-70.3,-62.7,-52.7,-42.7,-53.0,-62.9,-70.9,-78.1,-87.8,-93.4,-77.3,-70.4,-62.8,-47.4,-63.0,-70.7,-77.5,-153.7,-133.7,-113.1,-92.1,-70.9,-52.2,-37.3,-26.7,-23.9,-26.9,-36.9,-49.5,-64.8,-82.9,-102.7,-122.7,-142.6,-161.6,-167.7,-167.6,-163.7,-158.0,-157.0,-160.8,-162.4,-161.3,-154.9,-144.9,-132.8,-120.8,-108.4,-101.8,-98.4,-95.6,-97.6,-100.1,-147.0,-149.2,-148.9,-145.0,-143.4,-143.8,-142.8,-145.5,-144.5,-141.6,-139.6,-140.4,-75.2,-80.0,-82.1,-80.1,-81.6,-78.6,-73.2,-66.5,-63.9,-63.4,-64.1,-66.9,-74.6,-75.4,-74.6,-75.1,-73.1,-73.7,-73.0,-73.8,842.4,844.6,848.4,849.0,842.4,830.6,815.0,798.5,792.7,797.6,807.3,816.8,821.1,820.9,818.0,816.1,816.2,807.9,800.0,793.2,787.5,783.0,782.2,783.8,785.1,785.7,787.3,776.9,769.6,762.2,755.3,773.4,769.2,766.0,767.2,768.8,800.8,796.8,794.6,791.9,793.1,795.7,787.3,786.5,786.8,788.1,785.9,785.6,789.7,775.4,769.9,768.4,769.0,773.9,783.6,774.4,768.9,767.6,769.2,776.3,786.1,771.2,769.6,770.4,781.3,769.8,769.0,770.7
0,0,0.975,-69.9,-103.4,787.2,0.167,0.037,0.044,-144.7,-145.4,-144.7,-141.8,-134.7,-122.1,-107.4,-90.4,-72.2,-54.0,-37.4,-22.4,-10.0,-1.9,2.5,5.3,6.8,-128.6,-117.7,-103.9,-90.7,-79.2,-57.3,-44.5,-32.2,-19.5,-9.3,-68.4,-69.0,-69.5,-70.0,-86.2,-78.8,-71.0,-62.8,-55.5,-115.8,-107.4,-98.6,-90.8,-99.2,-107.8,-47.3,-38.8,-30.3,-23.2,-30.6,-38.8,-99.1,-87.9,-77.6,-71.2,-64.1,-54.2,-44.5,-54.5,-64.4,-72.0,-79.1,-89.0,-94.3,-78.0,-71.5,-64.3,-49.0,-64.5,-71.8,-78.4,-152.9,-133.1,-112.7,-92.1,-70.9,-52.2,-37.0,-25.9,-22.8,-25.9,-36.0,-48.7,-64.1,-82.2,-102.0,-122.1,-142.0,-161.3,-167.2,-166.9,-162.8,-156.9,-156.1,-160.0,-161.7,-160.8,-154.6,-143.8,-131.8,-119.9,-107.6,-101.4,-97.9,-95.0,-97.0,-99.6,-146.3,-148.5,-148.1,-144.2,-142.7,-143.2,-142.0,-144.8,-143.9,-141.0,-139.0,-139.6,-74.5,-79.6,-81.6,-79.7,-81.1,-78.1,-72.4,-63.8,-60.6,-60.1,-60.9,-64.5,-74.0,-75.3,-74.5,-75.0,-72.2,-70.2,-69.5,-70.3,839.8,842.5,846.6,847.8,842.2,831.5,816.9,801.1,795.3,799.9,809.3,818.3,822.4,821.8,818.7,816.8,816.6,806.3,798.7,792.0,786.5,782.1,781.8,783.7,785.1,785.9,788.1,776.4,769.5,762.5,755.9,773.3,769.5,766.6,767.9,769.4,799.9,796.1,794.0,791.4,792.7,795.1,787.3,786.6,787.2,788.7,786.3,785.9,791.3,777.3,771.2,769.9,770.7,775.9,785.9,777.4,772.4,771.2,772.4,779.1,788.1,772.6,771.2,772.1,783.9,773.0,772.2,773.7
0,0,0.975,-70.9,-102.6,787.7,0.2,0.023,0.049,-145.2,-146.3,-145.9,-143.6,-137.3,-125.4,-110.6,-92.8,-73.8,-55.0,-38.6,-23.6,-11.4,-3.4,1.0,3.9,5.4,-128.6,-118.0,-104.4,-91.1,-79.6,-57.8,-45.0,-32.8,-20.2,-10.3,-68.9,-69.4,-69.9,-70.3,-86.4,-79.2,-71.5,-63.5,-56.3,-116.2,-107.8,-99.1,-91.3,-99.6,-108.0,-47.7,-39.4,-31.1,-24.0,-31.3,-39.4,-100.2,-89.2,-78.3,-72.0,-65.1,-54.8,-45.5,-55.2,-65.5,-73.1,-80.2,-90.7,-95.4,-78.8,-72.3,-65.4,-49.9,-65.7,-72.9,-79.5,-151.2,-132.1,-112.7,-93.0,-72.2,-53.2,-37.3,-25.1,-21.3,-24.6,-35.0,-48.3,-64.1,-82.4,-102.1,-122.2,-142.1,-160.2,-166.1,-165.8,-161.8,-156.0,-155.5,-159.6,-161.2,-160.1,-154.0,-142.7,-131.0,-119.3,-107.2,-101.2,-97.6,-94.8,-96.7,-99.3,-145.4,-147.7,-147.4,-143.5,-142.2,-142.7,-141.4,-144.2,-143.3,-140.5,-138.6,-139.1,-73.7,-79.4,-81.4,-79.4,-80.8,-77.6,-71.2,-60.1,-55.9,-55.4,-56.3,-61.1,-73.2,-75.2,-74.4,-74.8,-71.0,-65.6,-64.9,-65.8,834.2,837.3,842.0,844.3,840.4,831.5,818.2,803.0,797.2,801.5,810.3,818.3,822.2,821.4,817.6,815.6,814.8,803.1,795.9,789.6,784.2,780.3,780.8,782.4,783.6,784.2,786.3,774.5,768.2,761.9,755.9,772.5,769.3,766.9,768.1,769.4,797.4,794.0,792.1,789.7,791.0,793.2,785.6,784.9,785.6,787.1,784.9,784.4,792.3,778.2,771.6,770.3,771.1,776.6,786.5,780.0,775.9,774.9,776.0,782.1,789.6,773.2,771.8,772.6,785.2,775.9,775.3,776.7
0,0,0.975,-70.0,-100.4,776.3,0.217,0.004,0.053,-144.2,-145.5,-145.3,-142.8,-136.4,-124.8,-109.7,-92.2,-73.5,-55.1,-39.0,-24.7,-12.8,-4.9,-0.3,2.7,4.3,-126.5,-116.4,-102.8,-89.6,-78.0,-56.6,-44.5,-32.5,-20.1,-10.6,-67.3,-67.8,-68.3,-68.8,-84.8,-77.8,-70.2,-62.4,-55.4,-113.3,-104.9,-96.5,-88.7,-96.7,-104.9,-47.3,-38.9,-30.9,-24.0,-31.1,-39.0,-99.1,-88.1,-77.1,-70.9,-64.0,-54.2,-45.6,-54.7,-64.6,-72.2,-79.3,-89.8,-94.4,-77.7,-71.3,-64.4,-49.7,-64.8,-71.9,-78.6,-148.5,-128.9,-109.3,-89.4,-68.8,-50.2,-34.8,-23.6,-20.0,-23.2,-33.5,-46.9,-62.9,-81.4,-101.0,-120.9,-140.9,-157.4,-163.3,-163.1,-158.8,-152.7,-152.3,-156.5,-158.5,-157.5,-151.6,-141.1,-128.9,-116.8,-104.3,-99.1,-95.5,-92.6,-94.7,-97.2,-144.4,-146.5,-146.2,-142.5,-141.5,-141.9,-139.9,-142.5,-141.7,-139.0,-137.3,-138.0,-72.0,-77.0,-78.9,-76.8,-78.1,-74.9,-69.0,-57.5,-53.2,-52.7,-53.7,-58.9,-71.3,-73.1,-72.2,-72.4,-68.6,-63.1,-62.5,-63.5,822.5,825.4,830.3,833.1,829.3,820.8,806.2,791.2,786.6,792.1,802.9,811.9,816.5,816.2,811.4,807.9,806.8,791.8,783.8,777.5,771.8,767.0,768.0,769.5,771.4,772.8,775.5,761.8,755.2,748.3,741.8,759.6,756.3,754.0,756.0,757.9,784.8,781.4,779.7,777.5,778.6,780.4,773.4,772.6,773.3,775.1,772.8,772.3,781.5,767.2,760.3,759.1,760.1,765.7,775.7,769.4,765.8,764.8,765.9,771.6,778.5,762.4,760.9,761.9,774.5,765.5,764.8,766.2
0,0,0.975,-70.3,-100.4,778.2,0.195,-0.018,0.049,-145.8,-147.0,-146.4,-143.6,-136.9,-124.9,-109.7,-91.7,-73.0,-55.0,-39.3,-25.4,-13.9,-6.3,-1.7,1.3,2.6,-128.0,-117.2,-103.5,-90.3,-78.8,-56.7,-44.4,-32.3,-19.9,-10.5,-67.7,-68.0,-68.3,-68.6,-84.4,-77.5,-70.2,-62.6,-55.8,-114.7,-106.2,-97.0,-89.1,-97.5,-106.5,-48.1,-39.6,-30.9,-23.9,-30.9,-39.4,-98.6,-87.4,-76.8,-70.8,-64.1,-54.6,-46.0,-55.0,-64.6,-71.9,-78.8,-88.9,-93.8,-77.4,-71.1,-64.4,-50.3,-64.8,-71.7,-78.1,-148.9,-129.0,-108.8,-88.5,-67.8,-49.3,-34.1,-23.3,-20.3,-23.5,-33.6,-46.9,-62.9,-81.3,-100.9,-120.8,-141.1,-157.5,-163.2,-163.0,-159.1,-153.3,-152.9,-157.3,-159.3,-158.3,-152.2,-141.7,-129.4,-117.3,-104.8,-98.0,-94.7,-92.1,-94.0,-96.5,-144.4,-147.7,-147.2,-142.0,-140.6,-141.1,-140.0,-144.3,-143.6,-139.8,-137.3,-137.8,-70.6,-75.7,-77.9,-75.9,-77.3,-74.0,-68.2,-58.0,-54.3,-53.8,-54.8,-59.3,-70.1,-71.7,-70.9,-71.3,-67.9,-64.2,-63.6,-64.6,824.7,827.3,831.2,832.9,828.8,820.5,807.4,792.8,787.5,792.8,803.6,813.1,818.1,818.2,814.7,811.7,810.7,792.8,785.4,779.6,774.4,770.6,771.9,773.8,776.1,778.0,781.1,765.5,758.6,751.5,744.6,762.1,759.1,757.0,758.8,760.9,787.1,783.6,781.9,780.0,780.9,782.8,777.7,777.0,778.0,780.4,777.4,776.6,781.7,768.0,762.0,761.1,762.0,767.6,777.2,770.0,765.9,764.9,765.9,771.4,778.7,763.8,762.6,763.7,775.5,765.9,765.2,766.3
0,0,0.975,-70.5,-101.0,781.1,0.164,-0.04,0.048,-147.5,-148.7,-148.3,-145.5,-138.4,-125.8,-109.9,-91.5,-72.7,-55.0,-39.7,-26.1,-15.1,-7.6,-3.1,-0.1,1.3,-128.6,-117.9,-104.0,-90.8,-79.1,-56.4,-44.2,-32.3,-20.0,-10.6,-67.5,-67.7,-67.8,-68.0,-84.2,-77.2,-69.9,-62.4,-55.6,-115.0,-106.5,-97.3,-89.5,-97.7,-106.8,-48.1,-39.5,-30.8,-24.1,-30.9,-39.4,-98.6,-87.1,-76.7,-70.5,-63.8,-54.6,-46.4,-55.2,-64.4,-71.6,-78.6,-88.5,-93.6,-77.4,-71.0,-64.2,-50.7,-64.6,-71.5,-78.0,-148.4,-128.5,-108.2,-87.7,-66.8,-48.3,-33.4,-23.1,-20.6,-23.7,-33.9,-47.2,-63.0,-81.4,-101.1,-121.2,-141.5,-157.4,-163.7,-163.8,-160.0,-154.4,-154.0,-158.5,-160.6,-159.6,-153.3,-143.0,-130.5,-118.1,-105.4,-98.5,-95.2,-92.7,-94.6,-97.0,-144.9,-148.2,-147.9,-142.9,-141.4,-141.7,-141.3,-145.3,-144.6,-140.9,-138.4,-139.0,-70.8,-76.0,-78.5,-76.4,-77.9,-74.4,-68.5,-59.7,-56.6,-56.1,-57.0,-60.8,-70.3,-71.7,-71.0,-71.3,-68.2,-66.9,-66.3,-67.2,827.4,830.0,834.1,835.5,830.7,821.4,807.2,792.7,788.2,794.7,806.4,816.9,822.7,823.4,819.9,816.5,815.4,796.2,789.3,784.1,779.7,776.3,778.0,779.8,782.2,783.9,786.8,770.8,763.7,756.4,749.4,765.9,763.1,761.2,763.4,765.7,790.4,787.5,786.1,784.2,784.8,786.6,783.1,782.5,783.7,786.0,783.1,782.1,782.8,769.8,764.8,764.0,765.2,770.6,779.8,771.9,767.5,766.0,766.9,772.0,779.6,766.6,765.6,766.9,777.6,767.8,766.7,767.6
0,0,0.975,-70.4,-99.8,777.1,0.17,-0.061,0.052,-146.7,-148.5,-148.5,-146.2,-139.3,-126.9,-111.0,-92.4,-73.5,-55.7,-40.5,-27.1,-16.1,-8.7,-4.1,-1.1,0.3,-127.6,-117.0,-103.2,-90.0,-78.4,-56.0,-43.8,-32.0,-19.8,-10.8,-66.9,-66.9,-66.9,-66.9,-83.4,-76.5,-69.2,-61.8,-55.1,-114.4,-105.9,-96.9,-89.1,-97.3,-106.1,-47.8,-39.2,-30.8,-24.2,-30.9,-39.2,-98.3,-86.8,-76.1,-69.9,-63.2,-54.0,-46.4,-54.8,-64.0,-71.3,-78.4,-88.5,-93.2,-76.9,-70.4,-63.7,-50.5,-64.2,-71.1,-77.7,-146.9,-127.3,-107.1,-86.7,-65.7,-47.0,-31.7,-21.0,-18.0,-21.3,-31.9,-45.8,-62.0,-80.7,-100.5,-120.6,-140.9,-156.2,-162.5,-162.6,-158.8,-153.2,-152.9,-157.5,-159.7,-158.7,-152.5,-142.0,-129.6,-117.3,-104.6,-97.9,-94.5,-91.9,-93.9,-96.4,-143.8,-146.9,-146.6,-142.2,-140.7,-141.0,-140.6,-144.2,-143.5,-140.1,-137.8,-138.4,-69.7,-75.5,-78.0,-75.8,-77.4,-73.7,-67.3,-57.4,-53.9,-53.4,-54.4,-58.7,-69.3,-71.0,-70.2,-70.5,-67.1,-64.7,-64.2,-65.1,819.3,822.6,827.6,829.9,825.5,816.6,802.9,789.0,785.1,792.1,803.8,814.3,820.1,820.5,816.5,812.7,810.9,790.4,783.9,779.2,775.2,772.4,774.6,776.4,778.9,780.8,783.8,766.6,759.6,752.4,745.6,761.4,758.8,757.2,759.7,762.2,784.9,782.4,781.2,779.5,779.9,781.5,779.4,778.9,780.1,782.3,779.6,778.6,778.0,765.2,760.2,759.6,761.0,766.5,775.8,768.9,764.9,763.3,763.9,768.4,775.0,762.4,761.5,763.0,773.8,764.8,763.6,764.3
0,0,0.975,-70.8,-100.4,781.1,0.151,-0.082,0.047,-147.5,-149.3,-149.5,-147.4,-140.5,-127.9,-112.0,-92.9,-73.5,-55.6,-40.6,-27.2,-16.4,-9.4,-5.2,-2.6,-1.7,-128.5,-117.5,-103.8,-90.7,-79.3,-56.5,-44.1,-32.2,-20.0,-11.3,-67.4,-67.1,-66.9,-66.6,-83.7,-76.5,-69.1,-61.6,-54.9,-115.7,-107.3,-98.3,-90.4,-98.6,-107.5,-48.7,-40.3,-31.8,-25.2,-31.8,-40.1,-99.3,-87.1,-76.0,-69.8,-63.1,-53.9,-45.9,-54.5,-63.8,-71.0,-78.1,-88.7,-94.1,-76.8,-70.3,-63.6,-50.1,-64.0,-70.9,-77.4,-146.8,-127.4,-107.2,-86.7,-65.8,-47.2,-32.0,-21.1,-18.1,-21.4,-32.3,-46.4,-62.5,-81.1,-100.7,-120.9,-141.1,-156.8,-162.9,-163.1,-159.5,-154.2,-154.4,-159.3,-161.5,-160.5,-153.9,-142.8,-130.5,-118.3,-105.7,-98.4,-95.1,-92.6,-94.5,-97.1,-143.6,-146.9,-146.7,-142.3,-140.6,-140.8,-141.8,-145.7,-145.1,-141.6,-139.2,-139.7,-69.8,-75.9,-78.4,-76.4,-78.1,-74.7,-68.3,-58.4,-54.9,-54.4,-55.2,-59.3,-69.5,-71.2,-70.6,-71.1,-68.1,-65.7,-65.1,-65.8,821.5,825.0,829.9,832.3,828.3,819.6,806.5,792.0,787.2,794.0,805.8,817.0,823.3,823.7,820.4,817.2,816.1,792.9,787.2,783.1,779.8,777.8,780.2,783.2,786.2,788.7,792.2,771.9,764.7,757.4,750.4,765.6,763.0,761.5,764.1,766.9,788.6,786.4,785.4,784.1,784.0,785.4,785.6,785.5,787.1,789.3,786.2,784.9,782.0,768.9,763.7,763.3,764.8,771.3,781.6,772.9,767.7,765.9,766.4,771.5,779.1,765.8,765.1,766.8,779.4,767.9,766.4,767.1
0,0,0.975,-70.9,-101.4,783.1,0.135,-0.096,0.04,-149.1,-150.7,-150.8,-148.5,-140.9,-127.6,-111.3,-92.4,-73.2,-55.4,-40.3,-27.1,-16.7,-9.8,-5.9,-3.4,-2.6,-129.6,-118.2,-104.1,-90.9,-79.3,-56.7,-44.4,-32.5,-20.4,-11.7,-67.5,-67.2,-66.8,-66.4,-83.9,-76.6,-69.0,-61.5,-54.8,-116.1,-107.8,-98.8,-91.0,-99.2,-108.1,-48.9,-40.5,-32.0,-25.5,-32.1,-40.3,-99.2,-86.5,-76.1,-69.6,-62.6,-53.9,-45.8,-54.2,-63.0,-70.5,-77.6,-87.8,-94.2,-76.7,-70.0,-63.0,-49.8,-63.2,-70.4,-77.0,-147.9,-127.8,-106.8,-85.8,-64.8,-46.8,-32.8,-23.1,-20.7,-23.8,-34.2,-47.9,-64.0,-82.6,-102.2,-122.3,-142.6,-157.5,-163.5,-163.8,-160.1,-154.8,-155.2,-159.9,-162.2,-161.3,-154.9,-143.9,-131.4,-119.0,-106.3,-98.6,-95.3,-92.7,-94.7,-97.4,-144.3,-147.7,-147.6,-143.1,-141.3,-141.4,-142.7,-146.7,-146.1,-142.5,-140.1,-140.5,-70.5,-75.2,-77.3,-75.3,-77.1,-74.3,-69.3,-62.2,-59.6,-59.0,-59.8,-62.7,-70.0,-70.8,-70.1,-70.8,-69.0,-69.2,-68.4,-69.2,826.2,829.2,833.6,835.2,830.0,820.3,806.2,791.5,786.7,794.5,807.7,820.1,827.0,827.9,825.1,822.1,821.8,796.4,790.1,786.0,782.5,780.1,783.2,786.4,789.9,792.7,796.9,775.0,767.1,759.1,751.4,767.6,764.6,762.9,765.8,769.0,791.0,788.8,787.9,787.0,786.5,787.6,789.2,789.3,790.9,793.5,790.0,788.6,782.8,770.7,766.7,766.4,768.3,774.8,784.6,774.4,768.4,766.0,766.4,771.7,779.7,767.8,767.4,769.6,781.7,769.0,767.0,767.6
0,0,0.975,-71.7,-101.7,782.7,0.133,-0.106,0.048,-150.2,-152.0,-152.3,-150.2,-143.1,-130.0,-113.5,-94.0,-74.3,-56.1,-41.0,-27.9,-17.8,-11.3,-7.4,-4.7,-3.8,-129.8,-118.4,-104.3,-91.1,-79.5,-57.0,-44.7,-32.8,-20.9,-12.5,-67.8,-67.5,-67.1,-66.8,-84.2,-77.0,-69.7,-62.3,-55.7,-116.7,-108.4,-99.3,-91.6,-99.7,-108.7,-49.3,-40.9,-32.4,-26.0,-32.5,-40.7,-99.2,-86.7,-76.7,-70.5,-63.8,-55.4,-47.7,-55.8,-64.4,-71.4,-78.3,-88.0,-94.1,-77.4,-70.9,-64.2,-51.7,-64.5,-71.3,-77.7,-148.3,-128.5,-107.9,-87.2,-66.2,-48.1,-33.8,-23.8,-21.2,-24.2,-34.7,-48.3,-64.4,-82.9,-102.3,-122.2,-142.2,-158.1,-164.3,-164.6,-160.8,-155.3,-155.5,-160.3,-162.6,-161.6,-155.1,-144.2,-131.9,-119.6,-106.9,-99.0,-95.7,-93.2,-95.0,-97.6,-144.9,-148.4,-148.2,-143.5,-141.6,-141.8,-142.8,-146.8,-146.2,-142.5,-139.9,-140.5,-70.4,-75.4,-77.6,-75.6,-77.2,-74.2,-68.7,-62.1,-59.9,-59.5,-60.2,-63.0,-70.1,-70.9,-70.3,-70.8,-68.6,-69.4,-68.8,-69.5,825.2,828.2,832.6,834.2,829.3,819.6,805.7,791.0,786.3,794.4,807.8,820.3,827.5,828.3,825.6,822.5,821.9,795.4,789.5,785.5,782.2,780.1,783.4,786.5,790.0,792.9,797.1,775.0,767.2,759.3,751.6,767.3,764.8,763.3,766.0,769.1,790.6,788.4,787.6,786.8,786.3,787.4,789.5,789.6,791.4,794.1,790.6,789.0,780.9,769.4,765.9,765.8,767.8,774.0,783.4,773.6,768.1,765.7,765.9,770.4,777.8,767.0,766.7,769.0,780.4,768.6,766.6,767.0
0,0,0.975,-73.0,-102.0,784.9,0.137,-0.115,0.06,-150.3,-152.4,-153.1,-151.4,-144.8,-132.1,-116.0,-96.6,-76.9,-58.9,-43.8,-30.7,-20.3,-13.3,-9.0,-6.0,-4.8,-130.4,-119.4,-105.3,-92.0,-80.5,-57.6,-45.1,-33.3,-21.4,-13.2,-68.5,-68.3,-68.0,-67.7,-85.3,-78.1,-70.8,-63.4,-56.8,-117.5,-109.2,-100.1,-92.4,-100.6,-109.5,-49.9,-41.5,-33.0,-26.7,-33.1,-41.4,-101.1,-88.9,-78.2,-71.6,-64.7,-55.8,-48.8,-56.7,-65.8,-73.3,-80.7,-90.9,-95.8,-79.1,-72.3,-65.2,-52.9,-65.8,-73.0,-79.9,-148.4,-128.9,-108.7,-88.4,-67.4,-48.8,-33.7,-22.9,-19.8,-22.9,-33.7,-47.6,-63.7,-82.2,-101.5,-121.5,-141.6,-158.6,-165.1,-165.5,-161.8,-156.4,-156.4,-161.2,-163.3,-162.1,-155.4,-144.7,-132.6,-120.5,-108.1,-100.2,-96.9,-94.3,-96.1,-98.6,-145.6,-149.2,-149.0,-144.3,-142.5,-142.9,-143.4,-147.3,-146.7,-142.9,-140.5,-141.1,-70.7,-77.1,-79.7,-77.5,-79.1,-75.5,-68.5,-59.9,-56.8,-56.3,-57.3,-61.1,-70.5,-72.4,-71.7,-72.0,-68.5,-67.2,-66.6,-67.5,822.5,825.9,830.9,833.2,828.7,819.6,806.7,793.0,788.5,796.4,808.6,820.5,827.2,827.9,824.9,822.1,821.3,795.4,790.0,786.4,783.6,782.3,786.3,789.0,792.1,794.6,798.1,776.7,769.4,762.2,755.1,769.5,767.2,766.0,768.7,771.5,791.0,789.2,788.7,787.8,787.4,788.4,791.0,791.0,792.9,795.4,792.1,790.6,782.7,771.1,767.3,767.1,769.1,775.5,784.7,777.0,771.9,769.6,769.7,773.6,780.0,768.9,768.5,770.7,782.3,772.0,770.2,770.4
0,0,0.975,-74.3,-102.3,782.1,0.128,-0.118,0.059,-152.1,-154.0,-154.6,-152.9,-146.4,-133.9,-117.7,-98.1,-78.1,-59.9,-44.9,-31.9,-21.6,-14.8,-10.6,-7.7,-6.7,-131.4,-120.1,-106.2,-93.1,-81.8,-58.6,-46.2,-34.4,-22.5,-14.5,-69.7,-69.4,-69.0,-68.6,-86.5,-79.3,-71.7,-64.2,-57.7,-118.8,-110.5,-101.6,-93.9,-102.0,-110.6,-51.6,-43.4,-35.1,-28.7,-35.3,-43.3,-102.5,-90.1,-79.0,-72.7,-66.0,-57.2,-50.2,-58.1,-67.3,-74.5,-81.7,-92.1,-97.2,-79.9,-73.3,-66.7,-54.3,-67.2,-74.2,-80.8,-147.7,-128.1,-107.6,-87.3,-66.6,-48.3,-33.8,-23.3,-20.1,-23.0,-33.6,-47.4,-63.5,-81.9,-101.0,-120.7,-140.3,-159.5,-165.3,-165.4,-161.8,-156.2,-156.3,-160.9,-163.0,-161.9,-155.3,-144.8,-132.4,-120.2,-107.6,-100.9,-97.5,-94.7,-96.7,-99.4,-145.8,-149.1,-149.0,-145.0,-143.3,-143.5,-143.9,-147.3,-146.6,-143.2,-141.3,-141.9,-71.5,-78.6,-81.3,-79.3,-80.8,-77.0,-69.6,-60.2,-56.8,-56.3,-57.2,-61.3,-71.4,-73.9,-73.3,-73.6,-69.5,-67.7,-67.2,-68.0,821.0,824.4,829.3,831.4,827.1,817.7,803.7,788.9,784.4,792.6,806.4,819.0,826.2,826.4,822.7,819.6,818.5,792.7,787.5,784.1,781.1,779.0,782.6,786.5,790.0,793.3,797.6,773.8,766.8,759.7,752.9,766.5,764.1,762.8,765.6,768.5,788.6,787.0,786.3,785.4,784.9,785.9,788.5,788.9,790.7,793.2,789.8,788.3,780.5,768.5,764.1,763.7,765.6,772.4,782.2,773.6,768.3,766.2,766.4,770.8,777.9,765.9,765.4,767.4,780.1,768.7,766.9,767.3
0,0,0.975,-76.1,-102.5,782.8,0.127,-0.118,0.059,-154.7,-156.5,-156.8,-154.8,-147.9,-135.0,-118.6,-99.0,-79.2,-61.5,-46.8,-34.1,-23.6,-16.5,-12.3,-9.6,-8.5,-133.8,-122.3,-108.2,-95.0,-83.6,-60.9,-48.4,-36.4,-24.5,-16.5,-71.8,-71.4,-70.9,-70.5,-88.6,-81.2,-73.5,-65.9,-59.2,-121.0,-112.7,-103.7,-96.0,-104.1,-112.9,-53.7,-45.6,-37.2,-30.8,-37.3,-45.4,-104.5,-91.8,-80.8,-74.4,-67.6,-58.7,-51.3,-59.4,-68.4,-75.8,-83.0,-93.5,-99.3,-81.6,-74.9,-68.0,-55.5,-68.5,-75.6,-82.3,-149.0,-129.1,-108.3,-87.8,-67.0,-48.9,-34.5,-24.1,-21.0,-23.7,-33.7,-46.8,-62.5,-80.7,-100.1,-120.0,-139.8,-159.8,-165.6,-165.7,-161.9,-156.2,-156.1,-160.7,-162.7,-161.5,-154.8,-144.7,-132.3,-120.0,-107.4,-100.8,-97.3,-94.6,-96.6,-99.4,-146.1,-149.6,-149.4,-145.0,-143.4,-143.7,-143.6,-147.4,-146.7,-143.0,-141.1,-141.7,-72.3,-78.6,-81.1,-79.1,-80.5,-77.1,-70.3,-61.7,-58.4,-58.0,-58.9,-62.7,-72.0,-74.2,-73.6,-73.9,-70.3,-68.6,-68.0,-68.8,823.9,827.0,831.2,832.8,828.0,818.2,804.2,789.2,784.6,792.8,806.9,819.9,827.2,827.6,824.1,821.1,820.0,794.0,788.5,784.8,781.5,779.2,782.4,786.4,790.1,793.8,798.6,774.2,767.0,759.6,752.7,767.1,764.4,762.7,765.4,768.4,789.5,787.9,787.1,786.2,785.7,786.7,788.9,789.6,791.4,794.0,790.4,788.8,781.7,769.3,765.1,764.7,766.7,773.7,784.0,774.4,768.4,766.1,766.3,771.2,779.0,766.4,765.9,768.1,781.5,769.2,767.3,767.7
0,0,0.975,-77.7,-103.5,785.4,0.097,-0.114,0.054,-157.2,-158.9,-159.1,-156.7,-149.1,-135.5,-118.9,-99.5,-80.4,-63.1,-48.6,-35.9,-25.3,-18.2,-13.8,-10.9,-9.7,-136.3,-124.3,-110.2,-97.2,-85.8,-63.1,-50.6,-38.6,-26.6,-18.0,-74.2,-73.7,-73.3,-72.8,-91.0,-83.4,-75.5,-67.9,-61.1,-123.3,-115.0,-105.8,-98.0,-106.3,-115.3,-55.8,-47.4,-39.0,-32.4,-39.1,-47.3,-106.0,-93.0,-82.6,-75.9,-68.8,-60.0,-52.5,-60.4,-69.0,-76.6,-83.9,-94.1,-100.7,-83.3,-76.3,-69.2,-56.7,-69.3,-76.5,-83.4,-150.0,-129.8,-108.5,-87.5,-66.7,-48.7,-34.6,-24.8,-22.2,-24.6,-34.1,-46.7,-62.0,-80.4,-100.2,-120.4,-140.5,-161.5,-167.2,-167.0,-163.1,-157.5,-157.0,-161.4,-163.2,-161.9,-155.1,-145.9,-133.3,-120.8,-108.0,-101.2,-97.8,-95.1,-97.1,-99.8,-147.3,-150.8,-150.5,-146.0,-144.2,-144.5,-144.4,-148.1,-147.3,-143.6,-141.5,-142.2,-73.5,-79.4,-81.9,-79.9,-81.5,-78.2,-71.8,-65.1,-62.5,-62.0,-62.8,-65.7,-73.2,-74.7,-74.1,-74.6,-71.8,-72.9,-72.2,-73.0,830.3,833.0,836.9,837.6,831.7,820.6,805.7,790.4,786.3,795.1,809.5,823.1,830.6,831.3,828.1,825.1,824.1,799.5,793.7,790.0,786.8,784.4,786.9,790.8,794.4,797.7,802.0,779.4,771.7,763.8,756.4,771.0,767.9,766.1,769.0,772.3,794.7,792.9,792.0,791.0,790.4,791.6,793.5,794.1,795.9,798.3,794.8,793.2,783.7,771.4,768.0,767.6,769.6,776.1,786.1,775.6,768.9,766.5,766.8,771.9,780.8,769.2,768.7,770.9,783.1,770.2,768.1,768.7
0,0,0.975,-79.1,-103.8,787.0,0.093,-0.105,0.05,-158.3,-160.0,-160.2,-158.0,-150.3,-136.6,-120.1,-100.7,-81.5,-64.2,-49.6,-36.8,-26.0,-18.7,-14.5,-11.8,-10.9,-138.1,-126.4,-112.2,-99.2,-87.9,-65.0,-52.3,-40.2,-28.1,-19.7,-76.1,-75.6,-75.1,-74.6,-92.8,-85.1,-77.2,-69.4,-62.5,-125.0,-116.8,-107.7,-99.9,-108.2,-117.1,-57.6,-49.3,-40.9,-34.3,-41.0,-49.1,-107.8,-94.8,-84.2,-77.3,-70.0,-61.1,-53.3,-61.3,-70.1,-77.8,-85.2,-95.7,-102.5,-84.8,-77.7,-70.4,-57.5,-70.4,-77.9,-84.9,-150.2,-130.1,-108.8,-87.9,-67.1,-49.2,-35.1,-25.1,-22.5,-24.9,-34.4,-46.8,-61.9,-80.2,-100.0,-120.1,-140.0,-161.8,-167.6,-167.6,-163.7,-158.1,-157.4,-161.7,-163.5,-162.0,-155.1,-146.1,-133.5,-121.0,-108.2,-101.5,-98.0,-95.3,-97.4,-100.2,-147.7,-151.1,-150.8,-146.4,-144.7,-145.0,-144.7,-148.4,-147.6,-144.0,-142.1,-142.7,-73.9,-79.8,-82.3,-80.3,-81.9,-78.7,-72.5,-65.7,-63.0,-62.5,-63.3,-66.1,-73.6,-75.0,-74.4,-74.9,-72.4,-73.4,-72.7,-73.4,832.4,835.5,839.5,840.4,834.2,822.5,807.2,791.4,786.9,795.5,809.8,823.6,831.2,831.9,828.6,825.4,824.2,801.7,795.8,791.9,788.5,786.2,788.4,792.2,795.7,798.8,803.1,781.0,773.3,765.4,758.1,773.0,769.6,767.6,770.3,773.6,796.5,794.7,793.7,792.9,792.3,793.6,795.0,795.5,797.1,799.4,796.0,794.5,785.7,773.1,769.5,769.0,770.9,777.6,788.0,777.2,770.3,767.8,768.2,773.6,782.8,770.7,770.2,772.3,784.9,771.6,769.6,770.2
0,0,0.975,-80.8,-103.7,785.9,0.092,-0.089,0.051,-159.1,-160.9,-161.3,-159.2,-151.9,-138.4,-122.0,-102.6,-83.2,-65.6,-50.7,-37.5,-26.5,-19.2,-15.0,-12.5,-11.7,-139.5,-127.9,-113.9,-100.9,-89.7,-66.8,-53.9,-41.7,-29.7,-21.3,-78.0,-77.7,-77.2,-76.8,-94.9,-87.2,-79.2,-71.4,-64.4,-126.8,-118.8,-109.8,-102.0,-110.2,-119.0,-59.1,-51.0,-42.6,-36.1,-42.8,-50.8,-109.6,-96.8,-86.2,-79.3,-71.9,-62.8,-55.0,-63.1,-72.0,-79.8,-87.4,-97.8,-104.3,-86.8,-79.7,-72.2,-59.3,-72.3,-79.9,-87.0,-150.3,-130.4,-109.4,-88.5,-67.7,-49.6,-35.2,-24.8,-22.0,-24.5,-34.2,-46.7,-61.7,-80.0,-99.7,-119.7,-139.4,-162.4,-168.1,-168.1,-164.3,-158.7,-157.8,-161.9,-163.4,-161.7,-154.8,-146.0,-133.5,-121.1,-108.4,-101.6,-98.1,-95.4,-97.5,-100.3,-147.8,-151.1,-150.8,-146.4,-144.8,-145.1,-144.5,-148.1,-147.2,-143.6,-141.8,-142.5,-73.5,-79.8,-82.4,-80.4,-81.9,-78.7,-72.1,-65.1,-62.4,-61.9,-62.7,-65.5,-73.2,-75.0,-74.4,-74.9,-72.1,-72.8,-72.1,-72.9,831.3,834.9,839.4,840.6,834.2,822.1,806.6,790.5,785.5,793.7,807.2,820.5,827.8,828.4,825.0,821.9,820.5,800.9,795.1,791.1,787.7,785.5,787.4,790.9,794.0,796.6,800.4,780.0,772.3,764.7,757.5,772.4,768.9,766.8,769.2,772.2,795.8,793.9,792.8,791.8,791.4,792.9,793.4,793.8,795.1,797.2,794.1,792.8,784.4,771.8,768.2,767.6,769.4,775.9,786.1,776.1,769.4,767.0,767.4,772.6,781.6,769.6,768.9,770.9,783.2,770.5,768.6,769.3
0,0,0.975,-81.6,-102.8,781.5,0.111,-0.062,0.053,-159.0,-160.6,-160.6,-158.3,-150.8,-137.5,-121.8,-103.2,-84.0,-66.0,-50.8,-37.2,-26.2,-19.0,-15.0,-12.9,-12.5,-139.6,-128.4,-114.5,-101.5,-90.3,-67.1,-54.5,-42.3,-30.4,-22.5,-78.4,-78.3,-78.1,-77.8,-95.7,-88.1,-80.2,-72.3,-65.3,-127.1,-119.1,-110.2,-102.6,-110.8,-119.5,-59.6,-51.5,-43.1,-36.7,-43.4,-51.4,-110.6,-98.2,-87.3,-80.8,-73.7,-64.3,-56.2,-64.8,-74.2,-81.8,-89.0,-99.6,-105.6,-87.8,-81.1,-73.9,-60.5,-74.3,-81.6,-88.4,-150.5,-130.3,-109.0,-87.9,-66.8,-48.4,-33.9,-23.3,-20.4,-23.2,-33.5,-46.3,-61.6,-79.6,-98.9,-118.7,-138.1,-161.5,-167.7,-167.9,-163.9,-157.8,-156.8,-161.1,-162.6,-160.8,-153.7,-144.8,-132.5,-120.4,-107.9,-101.2,-97.7,-94.9,-96.8,-99.7,-147.1,-150.5,-150.1,-145.4,-143.9,-144.4,-143.3,-147.1,-146.3,-142.4,-140.6,-141.3,-73.0,-79.4,-81.7,-79.7,-81.1,-77.9,-71.1,-62.6,-59.5,-59.0,-59.9,-63.6,-72.7,-74.9,-74.3,-74.7,-71.0,-69.1,-68.4,-69.2,828.4,832.1,836.3,837.3,831.0,819.3,804.6,788.5,782.4,788.9,800.9,813.0,819.4,819.3,816.1,813.6,812.8,795.4,789.9,785.6,781.9,779.7,781.5,784.8,787.4,789.7,793.5,773.6,765.9,758.4,751.1,766.9,763.2,760.7,762.7,765.4,790.5,788.5,787.2,785.9,785.9,787.5,786.8,787.1,788.4,790.5,787.3,786.1,781.8,768.6,763.7,763.0,764.7,771.6,782.3,772.5,766.0,763.8,764.3,770.0,779.1,764.9,764.1,766.1,779.8,767.1,765.4,766.2
0,0,0.975,-81.6,-101.8,775.7,0.104,-0.048,0.05,-158.4,-159.8,-159.6,-157.4,-150.2,-137.1,-121.5,-102.7,-83.6,-65.5,-50.2,-36.5,-25.4,-18.2,-14.2,-12.3,-11.9,-139.9,-128.6,-114.8,-101.9,-90.7,-67.5,-54.8,-42.7,-30.7,-22.4,-78.6,-78.5,-78.2,-78.0,-95.6,-88.1,-80.4,-72.5,-65.5,-127.1,-119.2,-110.2,-102.6,-110.8,-119.7,-59.9,-51.9,-43.4,-36.8,-43.5,-51.7,-110.8,-98.4,-87.6,-81.1,-74.2,-64.7,-56.2,-65.2,-74.7,-82.1,-89.2,-99.7,-105.9,-88.0,-81.4,-74.4,-60.5,-74.7,-81.9,-88.5,-149.3,-129.4,-108.3,-87.2,-66.0,-47.4,-32.7,-22.1,-19.3,-22.2,-32.5,-45.4,-60.5,-78.4,-97.8,-117.7,-137.3,-160.5,-166.4,-166.6,-162.6,-156.8,-155.8,-160.0,-161.6,-160.0,-153.0,-143.9,-131.7,-119.8,-107.4,-100.1,-96.7,-94.0,-95.8,-98.5,-145.9,-149.5,-149.0,-144.1,-142.5,-143.0,-142.3,-146.4,-145.7,-141.6,-139.6,-140.3,-71.6,-77.7,-80.0,-78.0,-79.5,-76.2,-69.7,-61.8,-59.1,-58.8,-59.6,-62.9,-71.3,-73.3,-72.8,-73.2,-69.7,-68.5,-67.9,-68.6,824.7,828.2,831.9,832.6,826.1,814.6,800.1,783.3,776.1,781.8,793.4,805.3,811.9,812.2,809.6,807.4,806.9,791.1,785.4,780.7,776.7,774.4,776.0,779.4,781.9,784.2,787.9,768.0,760.1,752.3,744.7,761.5,757.6,754.8,756.6,759.1,785.9,783.7,782.2,780.8,780.7,782.5,781.3,781.7,782.9,784.9,781.6,780.5,776.7,763.3,758.2,757.4,758.9,765.6,776.4,765.9,759.3,757.3,758.0,764.3,773.9,759.2,758.3,760.2,773.8,760.6,759.0,759.9
0,0,0.975,-80.5,-100.6,772.4,0.128,-0.032,0.045,-156.4,-157.8,-157.5,-155.0,-147.5,-134.3,-118.7,-100.6,-82.1,-64.4,-49.2,-35.3,-24.1,-16.8,-12.9,-10.9,-10.7,-138.9,-127.7,-114.0,-101.1,-89.9,-66.9,-54.4,-42.3,-30.2,-21.6,-77.9,-77.9,-77.8,-77.6,-94.6,-87.3,-79.8,-72.0,-65.1,-126.4,-118.3,-109.2,-101.4,-109.7,-118.7,-59.1,-50.9,-42.3,-35.6,-42.5,-50.8,-108.9,-97.3,-86.6,-80.3,-73.5,-64.0,-55.7,-64.5,-74.0,-81.3,-88.3,-98.6,-103.9,-87.0,-80.5,-73.7,-60.1,-74.0,-81.0,-87.5,-149.1,-129.1,-107.7,-86.4,-65.1,-46.7,-32.2,-22.0,-19.1,-22.1,-32.5,-45.5,-60.6,-78.4,-97.7,-117.5,-137.1,-159.5,-165.1,-165.0,-161.0,-155.2,-154.3,-158.4,-160.1,-158.8,-152.2,-142.5,-130.4,-118.5,-106.2,-98.7,-95.5,-92.9,-94.6,-97.2,-144.9,-148.2,-147.8,-142.8,-141.3,-141.8,-141.1,-145.1,-144.3,-140.4,-138.3,-139.0,-70.0,-76.3,-79.0,-77.0,-78.5,-74.9,-68.2,-59.4,-56.2,-55.7,-56.6,-60.4,-69.7,-71.8,-71.2,-71.6,-68.1,-66.8,-66.2,-66.9,820.8,825.0,829.9,831.5,825.2,813.6,798.6,782.5,776.0,781.7,792.7,803.9,809.7,809.5,806.1,803.2,802.0,787.6,781.5,776.7,772.4,769.8,771.2,774.3,776.8,778.7,782.0,763.6,755.8,748.0,740.5,757.6,753.9,751.4,753.1,755.3,782.6,779.8,778.1,776.5,776.9,778.9,776.5,776.6,777.7,779.8,776.6,775.6,773.2,759.5,754.0,753.2,754.6,760.9,771.3,762.6,757.2,755.5,756.2,762.0,770.1,755.9,754.9,756.6,769.1,757.6,756.3,757.3
0,0,0.975,-80.2,-100.5,774.1,0.137,-0.017,0.047,-155.9,-157.2,-156.5,-153.7,-146.3,-133.5,-118.3,-100.6,-82.3,-64.5,-49.0,-34.8,-23.3,-15.9,-11.6,-9.3,-8.7,-138.4,-127.5,-113.8,-100.9,-89.7,-66.9,-54.3,-42.2,-30.0,-21.4,-78.0,-78.1,-78.2,-78.2,-94.4,-87.3,-80.0,-72.4,-65.6,-125.6,-117.6,-108.5,-100.8,-109.1,-118.0,-58.8,-50.7,-42.2,-35.4,-42.3,-50.6,-107.1,-96.4,-86.2,-80.2,-73.8,-64.7,-56.6,-65.1,-74.1,-81.1,-87.8,-97.6,-102.2,-86.6,-80.5,-74.0,-61.1,-74.2,-80.9,-87.1,-149.5,-129.7,-108.7,-87.6,-66.3,-47.6,-32.7,-21.9,-18.7,-21.7,-32.1,-45.2,-60.4,-78.1,-97.4,-117.2,-136.7,-159.3,-165.1,-165.0,-160.9,-155.0,-154.0,-158.1,-159.8,-158.4,-151.9,-142.2,-130.2,-118.3,-106.1,-98.8,-95.5,-93.0,-94.7,-97.3,-145.0,-148.3,-147.8,-142.9,-141.4,-141.9,-141.0,-144.9,-144.0,-140.2,-138.1,-138.8,-69.6,-76.2,-79.1,-77.1,-78.6,-74.8,-67.9,-59.0,-55.8,-55.3,-56.1,-59.9,-69.4,-71.9,-71.4,-71.7,-67.9,-66.3,-65.7,-66.4,823.5,827.7,832.4,833.7,827.4,816.0,801.3,785.6,779.3,784.5,794.8,805.2,810.8,810.7,807.5,804.6,803.2,789.9,783.5,778.2,773.7,770.9,771.9,774.5,776.7,778.4,781.6,764.8,757.3,749.8,742.5,759.4,755.9,753.3,754.8,756.7,784.7,781.7,779.8,778.1,778.8,780.9,777.2,776.9,777.9,780.0,777.0,776.1,774.3,760.9,755.8,755.0,756.1,761.9,771.7,763.9,759.4,758.0,758.7,763.8,771.2,757.9,756.8,758.2,769.6,759.6,758.6,759.5
0,0,0.975,-79.5,-100.3,776.0,0.135,-0.006,0.044,-155.1,-156.2,-155.3,-152.3,-144.6,-131.7,-116.4,-99.1,-81.1,-63.7,-48.4,-34.2,-22.4,-14.4,-9.8,-7.4,-6.6,-137.9,-127.1,-113.4,-100.5,-89.4,-66.5,-53.9,-41.7,-29.4,-20.5,-77.8,-78.0,-78.1,-78.1,-94.0,-87.0,-79.7,-72.0,-65.2,-125.1,-117.1,-108.1,-100.4,-108.6,-117.5,-58.2,-50.2,-41.7,-34.9,-41.8,-50.1,-105.7,-95.3,-85.7,-79.7,-73.2,-64.2,-56.2,-64.5,-73.3,-80.3,-87.0,-96.3,-100.8,-86.0,-79.9,-73.3,-60.6,-73.4,-80.2,-86.4,-149.1,-129.2,-108.3,-87.2,-65.9,-47.3,-32.5,-21.8,-18.8,-21.7,-31.8,-44.3,-59.2,-77.0,-96.6,-116.9,-136.9,-159.0,-164.8,-164.5,-160.5,-154.7,-153.7,-157.7,-159.5,-158.1,-151.7,-141.9,-129.8,-117.9,-105.6,-98.5,-95.2,-92.7,-94.4,-97.1,-144.8,-148.1,-147.6,-142.7,-141.1,-141.6,-140.7,-144.7,-143.9,-140.1,-137.9,-138.5,-69.4,-75.7,-78.5,-76.5,-78.0,-74.5,-68.0,-59.9,-56.8,-56.3,-57.1,-60.6,-69.3,-71.8,-71.3,-71.6,-68.0,-66.7,-66.0,-66.8,827.0,831.0,835.4,836.5,829.7,818.0,803.3,787.7,781.3,786.3,796.3,806.6,812.4,812.8,810.1,807.3,806.0,793.2,786.4,780.8,776.0,772.9,773.2,775.7,777.9,779.7,783.2,766.7,759.2,751.6,744.2,761.7,757.8,755.1,756.4,758.3,787.6,784.4,782.4,780.6,781.3,783.6,778.7,778.4,779.3,781.4,778.4,777.5,776.2,763.2,758.6,757.6,758.6,764.1,773.4,765.8,761.6,760.3,761.1,765.9,773.0,760.2,759.1,760.4,771.2,762.0,761.1,762.1
0,0,0.975,-78.3,-99.7,774.8,0.129,0.019,0.038,-153.5,-154.3,-153.1,-149.9,-142.0,-128.8,-113.8,-97.1,-79.6,-62.4,-46.9,-32.4,-20.3,-12.2,-7.6,-5.3,-4.6,-137.3,-126.5,-112.9,-100.1,-88.8,-66.0,-53.4,-41.3,-28.9,-19.4,-77.1,-77.4,-77.7,-77.8,-93.6,-86.5,-79.1,-71.2,-64.2,-123.8,-115.9,-106.9,-99.2,-107.4,-116.4,-57.3,-49.3,-40.7,-33.8,-40.8,-49.1,-105.5,-94.6,-85.0,-79.0,-72.3,-63.3,-54.3,-63.6,-72.5,-79.6,-86.1,-95.3,-100.8,-85.4,-79.2,-72.4,-58.7,-72.6,-79.4,-85.5,-149.1,-128.7,-107.3,-85.7,-64.4,-46.0,-31.5,-21.6,-19.0,-21.8,-31.5,-43.7,-58.6,-76.4,-96.3,-116.7,-137.0,-158.0,-163.8,-163.7,-159.6,-153.9,-152.8,-156.6,-158.3,-157.1,-150.7,-141.4,-129.1,-117.0,-104.5,-97.2,-93.9,-91.3,-93.2,-95.8,-144.1,-147.2,-146.7,-141.8,-140.2,-140.6,-139.8,-143.8,-142.9,-139.1,-136.8,-137.5,-69.2,-73.9,-76.1,-74.2,-75.7,-72.7,-67.6,-61.3,-59.2,-58.7,-59.5,-62.1,-68.8,-70.0,-69.3,-69.8,-67.5,-68.4,-67.7,-68.4,830.6,833.8,837.5,837.8,830.0,817.7,802.3,786.0,779.4,784.0,794.4,805.0,810.7,811.3,808.9,806.0,805.2,794.9,787.3,781.1,775.9,772.1,771.8,774.1,776.1,777.5,780.6,765.8,757.8,749.6,741.9,761.0,756.5,753.2,754.6,756.5,788.0,784.4,782.3,780.3,780.9,783.4,777.4,777.0,777.5,779.5,776.5,775.9,776.7,763.3,758.5,757.4,758.3,763.6,773.0,763.6,758.5,757.1,758.2,764.3,773.1,759.7,758.4,759.7,770.4,759.3,758.3,759.7
0,0,0.975,-77.4,-98.3,770.3,0.147,0.042,0.033,-151.1,-152.0,-150.9,-147.7,-140.0,-126.9,-112.3,-95.8,-78.5,-61.1,-45.3,-30.5,-17.9,-9.4,-5.1,-3.1,-2.6,-136.1,-125.3,-111.9,-99.1,-87.8,-65.9,-53.1,-40.8,-28.2,-18.3,-76.7,-77.0,-77.2,-77.4,-93.1,-86.0,-78.5,-70.5,-63.4,-123.2,-115.3,-106.5,-98.6,-106.9,-115.5,-56.7,-48.5,-40.1,-33.0,-40.3,-48.4,-105.5,-94.6,-84.9,-78.8,-71.9,-62.4,-52.7,-62.7,-72.2,-79.5,-86.2,-95.5,-100.9,-85.3,-78.9,-72.0,-57.2,-72.3,-79.3,-85.6,-148.1,-128.1,-106.9,-85.5,-64.1,-45.5,-30.8,-20.7,-18.1,-21.0,-30.7,-43.1,-58.2,-76.2,-96.4,-117.0,-137.4,-156.0,-161.5,-161.3,-157.4,-152.0,-151.2,-155.0,-156.7,-155.3,-149.0,-139.4,-127.3,-115.4,-103.1,-95.9,-92.7,-90.1,-91.9,-94.4,-141.6,-144.2,-143.9,-139.8,-138.2,-138.5,-137.9,-141.2,-140.3,-137.1,-135.0,-135.7,-68.2,-72.5,-74.8,-72.8,-74.3,-71.3,-66.4,-59.8,-57.6,-57.2,-58.0,-60.8,-67.6,-68.5,-67.8,-68.2,-66.2,-67.2,-66.6,-67.4,827.0,830.1,834.4,835.4,827.7,815.6,799.6,783.1,776.7,781.1,791.6,801.8,806.9,807.1,804.0,800.7,799.5,791.5,783.6,777.0,771.2,766.7,765.5,767.8,769.9,771.1,774.3,760.0,752.2,744.3,736.8,756.5,751.9,748.4,749.7,751.4,784.4,780.6,778.2,775.7,776.6,779.2,771.2,770.8,771.2,772.8,770.1,769.8,774.1,759.8,754.2,752.8,753.4,758.6,768.5,758.9,754.0,752.8,754.4,761.5,770.2,755.6,754.1,755.0,766.2,754.5,753.9,755.6
0,0,0.975,-76.8,-96.8,771.8,0.17,0.061,0.031,-149.6,-150.7,-150.1,-146.9,-139.2,-125.9,-111.6,-95.5,-78.0,-60.3,-44.2,-28.9,-16.0,-7.4,-3.1,-0.8,0.2,-135.1,-124.8,-111.5,-98.7,-87.3,-65.9,-52.9,-40.5,-27.9,-17.7,-76.7,-77.1,-77.3,-77.6,-93.2,-85.9,-78.2,-70.1,-62.7,-123.2,-115.2,-107.1,-98.9,-107.2,-115.1,-55.7,-47.3,-39.4,-32.1,-39.8,-47.6,-105.5,-94.8,-84.6,-78.3,-71.3,-61.1,-51.0,-61.2,-71.2,-78.7,-85.7,-95.6,-100.6,-84.9,-78.4,-71.3,-55.5,-71.5,-78.7,-85.2,-146.8,-127.4,-107.0,-86.3,-64.8,-45.7,-30.3,-18.7,-15.2,-18.5,-29.1,-42.3,-57.6,-75.9,-96.1,-116.3,-135.8,-155.1,-160.7,-160.7,-156.8,-151.2,-150.0,-153.9,-155.6,-154.5,-148.7,-136.7,-125.7,-114.9,-103.5,-95.5,-92.4,-89.9,-91.8,-94.2,-138.4,-139.4,-139.4,-137.1,-135.6,-135.7,-134.9,-136.1,-135.0,-133.4,-131.7,-132.5,-67.1,-72.3,-74.9,-72.8,-74.2,-70.9,-65.3,-56.7,-53.6,-53.0,-53.8,-57.4,-66.4,-67.8,-67.1,-67.4,-65.1,-64.1,-63.5,-64.1,825.5,829.2,835.1,837.3,830.2,818.2,803.2,788.1,782.8,786.9,795.0,803.1,805.9,804.4,800.7,798.4,797.6,792.4,784.9,777.5,771.6,767.0,764.5,766.7,768.8,770.0,772.4,760.3,753.2,746.0,739.1,758.3,754.3,750.8,751.9,753.2,786.4,782.1,779.8,776.8,778.4,781.0,771.0,770.5,770.6,771.7,769.7,769.6,776.3,761.0,754.5,753.1,753.6,758.6,769.7,761.5,757.3,756.1,757.3,764.4,772.4,756.8,755.4,756.1,767.8,756.8,756.3,757.8
0,0,0.975,-75.6,-94.8,763.8,0.166,0.074,0.023,-147.3,-148.4,-147.8,-144.6,-137.2,-124.3,-110.2,-94.3,-76.7,-58.5,-42.0,-26.4,-13.5,-5.3,-1.5,0.5,1.1,-133.6,-123.6,-110.5,-97.6,-86.1,-65.3,-52.4,-40.1,-27.4,-17.3,-75.8,-76.2,-76.5,-76.7,-92.0,-84.8,-77.2,-69.2,-61.9,-122.2,-114.2,-106.2,-97.9,-106.2,-114.0,-54.7,-46.2,-38.4,-31.0,-38.8,-46.5,-104.2,-93.8,-83.2,-77.3,-70.8,-60.3,-49.9,-60.3,-70.5,-77.6,-84.4,-94.5,-99.3,-83.4,-77.2,-70.7,-54.5,-70.9,-77.6,-83.8,-144.3,-125.2,-104.9,-84.2,-62.6,-43.5,-27.9,-16.1,-12.3,-15.9,-27.3,-41.2,-56.8,-75.2,-95.0,-114.8,-133.8,-152.6,-158.2,-158.4,-154.7,-149.1,-148.4,-152.2,-154.0,-153.0,-147.3,-134.9,-124.1,-113.3,-102.0,-93.8,-90.9,-88.4,-90.3,-92.7,-136.1,-136.7,-136.8,-135.1,-133.5,-133.6,-133.5,-134.3,-133.1,-131.8,-130.3,-131.1,-65.2,-70.9,-73.9,-71.9,-73.4,-69.8,-63.8,-53.7,-49.9,-49.3,-49.9,-53.9,-64.5,-66.1,-65.5,-65.8,-63.5,-61.7,-61.0,-61.5,816.7,820.9,827.4,830.3,823.9,812.1,797.0,781.7,776.4,780.1,787.4,795.0,797.4,795.6,791.7,789.5,788.5,785.6,778.3,771.0,765.1,760.3,758.1,760.1,761.7,762.2,763.6,753.1,745.8,738.6,731.6,750.2,746.4,743.1,744.2,745.4,779.5,775.0,772.6,769.2,771.1,773.8,763.5,762.7,762.7,763.4,761.7,762.0,768.5,752.9,745.4,744.1,744.6,749.2,760.4,753.0,749.3,748.2,749.4,756.6,764.7,748.6,747.1,747.7,759.0,748.4,747.9,749.4
0,0,0.975,-76.1,-94.9,768.3,0.169,0.088,0.03,-147.1,-147.8,-147.0,-144.1,-137.4,-125.4,-111.6,-95.5,-77.6,-59.2,-42.5,-26.7,-13.3,-4.8,-0.8,1.4,2.2,-134.4,-123.7,-110.7,-98.1,-87.0,-66.0,-52.6,-40.1,-27.3,-16.6,-76.8,-77.1,-77.4,-77.6,-92.9,-85.6,-78.0,-69.8,-62.5,-123.3,-115.4,-107.1,-98.9,-107.3,-115.2,-55.3,-47.0,-39.0,-31.4,-39.2,-47.1,-104.6,-94.4,-84.1,-78.1,-71.4,-60.7,-50.1,-60.7,-71.1,-78.4,-85.1,-95.1,-99.8,-84.3,-78.1,-71.3,-54.6,-71.5,-78.4,-84.7,-145.9,-126.6,-106.3,-85.8,-64.2,-45.0,-29.3,-17.0,-13.0,-15.8,-25.8,-38.7,-54.1,-72.6,-92.9,-113.4,-133.3,-153.1,-158.2,-157.8,-154.3,-149.0,-148.4,-152.1,-153.7,-152.7,-147.1,-134.5,-123.6,-112.7,-101.3,-93.8,-90.6,-88.0,-90.0,-92.5,-135.8,-137.0,-137.0,-134.6,-133.1,-133.2,-132.9,-134.5,-133.5,-131.8,-130.1,-130.8,-65.3,-71.3,-74.1,-72.3,-73.6,-70.2,-64.1,-54.5,-51.1,-50.5,-51.2,-54.9,-64.7,-67.2,-66.6,-66.9,-63.9,-61.4,-60.8,-61.3,822.3,825.7,831.0,833.4,828.0,817.2,803.2,786.5,779.3,781.9,789.6,797.5,800.3,798.5,795.1,793.3,792.5,789.9,782.5,775.0,768.5,763.2,760.1,762.5,764.0,765.1,767.6,756.7,750.1,743.5,737.1,755.8,751.3,747.4,747.9,748.8,784.5,780.0,777.2,773.7,775.8,778.7,766.8,766.3,766.2,766.9,765.0,765.3,774.1,758.4,751.2,749.4,749.6,754.4,765.2,757.1,753.0,752.5,754.0,761.9,770.3,753.3,751.5,751.7,763.8,752.9,752.9,754.7
0,0,0.975,-76.8,-95.6,776.5,0.164,0.096,0.037,-146.5,-147.2,-146.1,-143.0,-136.4,-125.0,-112.3,-97.4,-80.2,-62.3,-45.4,-28.9,-14.4,-4.8,0.1,2.8,4.1,-134.9,-124.1,-111.3,-98.9,-88.1,-67.2,-53.8,-41.1,-28.0,-16.7,-78.0,-78.3,-78.7,-79.0,-94.0,-86.8,-79.1,-70.8,-63.3,-124.1,-116.1,-107.7,-99.2,-107.8,-116.0,-56.1,-47.8,-39.6,-31.7,-39.7,-47.8,-105.4,-95.5,-85.3,-79.0,-72.0,-61.0,-50.1,-60.9,-71.6,-79.4,-86.3,-96.2,-100.5,-85.5,-79.1,-71.9,-54.5,-72.1,-79.4,-85.9,-146.3,-127.2,-107.0,-86.9,-66.0,-47.3,-31.8,-19.3,-14.6,-16.4,-25.2,-37.4,-52.4,-70.9,-91.7,-113.1,-133.9,-154.2,-158.9,-158.2,-154.8,-149.8,-149.4,-153.1,-154.8,-153.8,-148.1,-135.5,-124.1,-113.0,-101.2,-94.3,-91.0,-88.3,-90.3,-92.7,-136.8,-138.1,-138.0,-135.2,-133.9,-134.0,-133.7,-135.8,-134.8,-132.9,-131.0,-131.6,-66.5,-72.6,-75.4,-73.4,-74.8,-71.2,-65.0,-55.1,-51.4,-50.9,-51.7,-55.8,-65.8,-68.2,-67.6,-67.8,-64.8,-62.1,-61.6,-62.3,830.2,832.5,837.4,840.0,835.4,825.5,812.5,796.1,788.3,789.8,797.2,805.4,808.5,807.5,804.9,803.8,803.6,799.4,791.8,784.3,777.7,772.1,768.6,770.7,772.2,773.1,775.0,765.6,759.0,752.4,745.9,764.8,759.8,755.6,756.0,756.9,794.5,789.4,786.4,782.5,784.9,788.0,774.9,774.2,773.8,774.3,772.4,772.9,783.5,767.4,759.7,757.3,757.1,762.0,772.6,764.8,760.7,760.9,762.9,771.3,779.4,762.0,759.6,759.4,771.6,760.5,761.1,763.5
0,0,0.975,-77.0,-95.7,777.6,0.179,0.118,0.035,-146.5,-146.9,-145.6,-142.3,-135.8,-124.5,-112.0,-97.6,-80.6,-62.5,-45.1,-28.3,-13.8,-4.0,1.0,4.0,5.6,-135.1,-124.2,-111.4,-99.1,-88.3,-67.7,-54.3,-41.6,-28.3,-16.9,-78.2,-78.8,-79.4,-80.0,-94.8,-87.7,-80.0,-71.5,-64.0,-123.6,-115.5,-107.2,-98.9,-107.4,-115.6,-56.5,-48.3,-40.2,-32.2,-40.3,-48.3,-106.1,-96.3,-86.1,-79.9,-72.6,-61.5,-50.2,-61.5,-72.5,-80.3,-87.3,-97.1,-101.5,-86.3,-79.9,-72.6,-54.6,-72.7,-80.2,-86.8,-147.0,-127.2,-106.5,-86.2,-65.4,-47.1,-32.2,-20.4,-16.0,-17.7,-26.3,-38.3,-53.1,-71.4,-91.9,-113.0,-133.7,-154.1,-158.7,-157.9,-154.4,-149.2,-148.9,-152.5,-154.1,-153.1,-147.6,-135.2,-123.7,-112.3,-100.5,-94.3,-90.8,-88.0,-90.0,-92.4,-137.0,-138.3,-138.2,-135.1,-133.9,-134.1,-133.4,-135.7,-134.8,-132.6,-130.9,-131.4,-67.4,-73.0,-75.4,-73.4,-74.8,-71.4,-65.6,-55.5,-51.5,-51.0,-51.8,-56.2,-66.6,-68.9,-68.2,-68.4,-65.3,-61.6,-61.0,-61.8,834.0,835.7,839.7,841.7,837.2,827.6,814.1,797.1,788.9,789.7,797.2,804.8,807.5,806.7,804.3,803.7,804.4,801.2,792.9,784.9,777.5,771.0,767.7,769.6,770.9,771.7,773.6,765.2,758.9,752.5,746.4,765.7,760.3,755.8,756.0,756.5,795.0,789.5,786.4,782.5,784.8,788.0,773.9,773.0,772.3,772.8,770.9,771.6,786.3,770.1,761.7,759.0,758.6,763.3,773.5,765.9,761.9,762.5,764.9,773.9,782.3,763.7,760.9,760.5,772.9,761.9,762.8,765.6
0,0,0.975,-77.1,-95.3,776.2,0.177,0.132,0.031,-145.8,-146.1,-144.7,-141.5,-135.1,-124.0,-111.6,-97.6,-80.6,-62.3,-44.5,-27.5,-13.0,-3.3,1.5,4.3,5.8,-135.2,-124.1,-111.5,-99.4,-88.8,-68.1,-54.6,-41.9,-28.6,-17.1,-78.6,-79.4,-80.1,-80.7,-95.2,-88.1,-80.5,-72.1,-64.6,-123.7,-115.7,-107.3,-99.1,-107.6,-115.8,-56.8,-48.5,-40.4,-32.3,-40.5,-48.6,-106.5,-96.7,-86.6,-80.2,-72.7,-61.6,-50.2,-61.5,-72.5,-80.6,-87.8,-97.5,-101.9,-86.8,-80.2,-72.6,-54.5,-72.7,-80.5,-87.2,-145.6,-126.0,-105.5,-85.2,-64.7,-46.7,-32.0,-20.2,-15.9,-17.7,-26.3,-38.3,-53.1,-71.4,-91.7,-112.5,-133.1,-154.3,-158.4,-157.3,-153.7,-148.6,-148.2,-151.8,-153.3,-152.4,-147.0,-134.7,-123.1,-111.7,-99.9,-93.6,-90.1,-87.4,-89.3,-91.6,-136.7,-138.1,-137.9,-134.7,-133.5,-133.8,-132.9,-135.3,-134.3,-132.1,-130.3,-130.9,-67.0,-72.5,-74.9,-72.9,-74.2,-71.0,-65.4,-55.6,-51.5,-50.9,-51.8,-56.1,-66.3,-68.4,-67.6,-67.9,-65.0,-61.6,-61.0,-61.8,833.8,835.4,839.4,841.4,836.8,826.9,812.9,795.4,786.9,787.7,795.2,802.6,805.3,804.4,802.0,801.5,802.2,800.9,792.1,783.9,776.2,769.4,765.7,767.5,768.9,769.6,771.4,763.8,757.4,750.8,744.4,764.3,758.7,754.2,754.2,754.7,794.5,788.8,785.5,781.6,783.9,787.3,772.3,771.3,770.5,771.0,769.1,769.9,785.0,768.8,760.3,757.4,756.9,761.4,771.4,763.9,760.0,760.7,763.3,772.5,781.0,762.3,759.4,758.8,770.8,760.0,761.0,764.0
0,0,0.975,-76.8,-95.0,774.0,0.183,0.13,0.034,-144.6,-145.1,-143.9,-141.0,-135.3,-124.7,-112.2,-97.6,-80.3,-61.9,-44.2,-27.2,-12.5,-2.7,2.1,4.9,6.3,-134.5,-124.0,-111.5,-99.4,-88.6,-68.0,-54.5,-41.7,-28.6,-17.1,-78.6,-79.2,-79.8,-80.4,-94.8,-87.7,-80.1,-71.7,-64.2,-123.2,-115.3,-106.9,-98.6,-107.1,-115.3,-56.6,-48.3,-40.1,-32.1,-40.2,-48.3,-106.0,-96.6,-86.6,-79.9,-72.1,-60.9,-49.8,-60.6,-71.6,-80.0,-87.5,-97.2,-101.2,-86.7,-79.8,-72.0,-54.3,-72.0,-80.0,-87.0,-145.7,-126.9,-107.2,-87.6,-67.0,-48.3,-32.6,-19.8,-15.2,-17.0,-25.9,-38.0,-52.8,-71.1,-91.4,-112.3,-132.8,-153.3,-157.6,-156.7,-153.3,-148.4,-148.0,-151.4,-152.9,-151.7,-146.2,-134.1,-122.7,-111.5,-99.9,-93.2,-89.9,-87.2,-89.1,-91.3,-136.3,-137.7,-137.5,-134.2,-133.2,-133.4,-132.6,-135.0,-134.1,-131.8,-130.0,-130.6,-66.0,-71.9,-74.7,-72.6,-74.0,-70.5,-64.4,-54.7,-50.6,-49.9,-50.8,-55.2,-65.3,-67.7,-66.9,-67.1,-64.2,-61.2,-60.6,-61.5,829.8,831.9,836.5,839.2,835.4,826.0,812.5,794.9,786.1,786.9,794.0,801.6,804.5,804.0,801.2,800.1,800.2,798.8,790.1,781.8,774.2,768.0,764.4,765.8,767.0,767.5,768.9,762.0,755.6,749.1,742.9,763.0,757.5,753.0,752.9,753.3,792.4,786.6,783.4,779.5,782.0,785.4,770.5,769.2,768.5,768.9,767.2,768.0,782.2,765.7,757.5,754.6,753.8,758.3,768.5,761.6,757.9,758.7,761.5,770.3,778.2,760.0,757.0,756.2,767.8,757.5,758.8,761.9
0,0,0.975,-76.2,-94.7,773.0,0.187,0.13,0.034,-143.9,-144.5,-143.3,-140.4,-134.6,-124.0,-111.7,-97.2,-80.0,-61.7,-43.9,-26.8,-12.1,-2.2,2.7,5.5,6.8,-133.8,-123.2,-110.7,-98.7,-87.9,-67.6,-54.2,-41.6,-28.4,-16.8,-78.1,-78.7,-79.3,-79.9,-94.1,-87.1,-79.5,-71.2,-63.7,-122.5,-114.6,-106.2,-97.8,-106.3,-114.6,-56.1,-47.8,-39.6,-31.6,-39.7,-47.8,-105.4,-96.0,-86.0,-79.3,-71.5,-60.4,-49.4,-60.2,-71.0,-79.4,-86.9,-96.6,-100.6,-86.2,-79.3,-71.4,-53.8,-71.5,-79.5,-86.5,-145.7,-126.9,-107.2,-87.4,-66.8,-48.1,-32.3,-19.6,-14.9,-16.7,-25.5,-37.8,-52.7,-71.1,-91.5,-112.4,-133.0,-153.4,-157.4,-156.3,-152.9,-148.0,-147.6,-151.1,-152.6,-151.5,-146.2,-134.0,-122.6,-111.4,-99.8,-92.9,-89.6,-86.9,-88.7,-90.9,-136.2,-137.6,-137.4,-134.1,-133.0,-133.2,-132.4,-134.8,-133.8,-131.6,-129.8,-130.4,-65.6,-71.4,-74.2,-72.0,-73.5,-69.9,-63.9,-54.3,-50.3,-49.7,-50.6,-54.8,-64.8,-67.0,-66.2,-66.5,-63.7,-61.1,-60.6,-61.5,828.5,830.6,835.4,838.3,834.3,825.0,811.4,794.2,785.7,786.5,793.6,801.2,804.0,803.3,800.4,799.0,798.9,797.5,788.6,780.4,772.9,766.8,763.2,764.5,765.7,766.0,767.1,760.9,754.5,748.1,741.8,762.0,756.5,752.1,752.1,752.5,791.3,785.4,782.1,778.2,780.7,784.2,769.3,767.9,767.1,767.5,765.9,766.8,781.2,764.6,756.6,753.7,752.9,757.2,767.2,760.5,757.0,757.8,760.6,769.3,777.0,759.2,756.2,755.4,766.6,756.4,757.7,760.8
0,0,0.975,-75.8,-94.6,774.0,0.185,0.135,0.033,-143.4,-143.9,-142.6,-139.6,-133.9,-123.4,-111.3,-97.0,-79.8,-61.4,-43.5,-26.2,-11.5,-1.7,3.1,5.9,7.3,-133.5,-122.9,-110.5,-98.4,-87.7,-67.2,-53.8,-41.1,-27.9,-16.3,-77.7,-78.4,-79.1,-79.7,-93.7,-86.7,-79.2,-71.0,-63.5,-121.8,-113.9,-105.5,-97.1,-105.7,-113.9,-55.7,-47.5,-39.3,-31.2,-39.3,-47.5,-104.8,-95.4,-85.5,-79.0,-71.4,-60.4,-49.2,-60.1,-70.9,-79.1,-86.3,-95.9,-100.1,-85.6,-78.9,-71.3,-53.6,-71.4,-79.1,-85.9,-144.8,-126.0,-106.3,-86.7,-66.3,-47.8,-32.2,-19.7,-15.0,-16.7,-25.5,-37.8,-52.7,-71.1,-91.5,-112.3,-132.8,-153.5,-157.6,-156.6,-153.0,-148.0,-147.5,-151.1,-152.5,-151.5,-146.1,-134.0,-122.6,-111.4,-99.7,-92.7,-89.4,-86.8,-88.6,-90.8,-136.3,-137.7,-137.5,-134.1,-133.0,-133.2,-132.4,-134.8,-133.8,-131.5,-129.6,-130.3,-65.5,-71.0,-73.7,-71.6,-73.1,-69.6,-63.8,-54.3,-50.4,-49.8,-50.7,-54.8,-64.7,-66.6,-65.9,-66.1,-63.5,-61.2,-60.6,-61.5,830.1,832.1,836.5,839.2,835.1,825.7,812.0,794.8,786.3,787.0,794.3,801.8,804.6,804.0,801.1,799.6,799.4,799.1,790.0,781.6,774.0,767.6,763.8,765.1,766.3,766.6,767.7,761.8,755.4,748.9,742.6,762.8,757.4,753.1,753.1,753.5,792.6,786.7,783.3,779.5,782.0,785.5,770.2,768.7,767.9,768.4,766.7,767.7,782.4,765.9,757.8,754.9,754.1,758.3,768.2,761.3,757.8,758.6,761.4,770.2,778.2,760.4,757.4,756.6,767.5,757.3,758.5,761.6
0,0,0.975,-75.1,-94.8,777.3,0.187,0.147,0.038,-142.7,-143.2,-141.9,-139.1,-133.6,-123.3,-111.3,-96.9,-79.6,-61.0,-42.7,-25.4,-10.7,-1.0,3.8,6.8,8.6,-132.6,-122.3,-109.8,-97.6,-86.6,-65.7,-52.4,-40.0,-26.9,-15.3,-76.7,-77.5,-78.3,-79.2,-93.2,-86.2,-78.6,-70.3,-62.7,-120.6,-112.6,-104.2,-96.1,-104.5,-112.6,-54.0,-45.9,-37.7,-29.8,-37.8,-45.8,-104.7,-95.2,-85.2,-78.5,-70.7,-59.6,-48.4,-59.4,-70.3,-78.7,-86.1,-95.9,-99.9,-85.4,-78.5,-70.7,-52.9,-70.8,-78.8,-85.7,-145.0,-126.2,-106.7,-87.2,-66.7,-48.0,-32.2,-19.6,-14.9,-16.6,-25.3,-37.5,-52.4,-70.8,-91.2,-112.0,-132.6,-153.7,-158.1,-157.0,-153.4,-148.3,-147.6,-151.1,-152.5,-151.6,-146.2,-134.4,-123.0,-111.7,-99.9,-93.1,-89.7,-87.0,-88.9,-91.0,-136.8,-138.1,-137.9,-134.7,-133.6,-133.9,-132.6,-134.6,-133.6,-131.4,-129.7,-130.4,-65.5,-71.1,-73.7,-71.5,-72.9,-69.4,-63.4,-54.1,-50.3,-49.7,-50.6,-54.7,-64.7,-66.5,-65.7,-65.9,-63.1,-61.2,-60.7,-61.6,832.0,834.1,838.8,841.7,837.6,827.9,814.0,796.8,788.4,789.2,796.1,803.2,805.7,804.7,801.2,799.3,798.9,802.2,793.0,784.5,777.1,770.7,767.0,767.6,767.9,767.3,767.5,764.6,758.6,752.5,746.6,766.3,761.0,756.8,756.8,757.0,795.3,789.6,786.3,782.5,785.0,788.5,772.3,770.5,769.5,769.6,768.6,769.6,785.8,769.6,761.5,758.6,757.7,761.4,770.6,764.4,761.2,762.1,765.0,773.7,781.6,764.1,761.0,760.0,770.0,760.6,761.9,765.1
0,0,0.975,-74.3,-94.7,778.8,0.189,0.141,0.04,-142.0,-142.6,-141.4,-138.8,-133.3,-123.1,-111.0,-96.4,-79.0,-60.4,-42.2,-24.8,-10.1,-0.4,4.5,7.6,9.4,-131.7,-121.5,-109.0,-96.7,-85.7,-64.8,-51.5,-39.0,-25.9,-14.3,-75.7,-76.5,-77.4,-78.2,-92.2,-85.2,-77.7,-69.3,-61.7,-119.4,-111.5,-103.0,-94.9,-103.3,-111.5,-53.2,-45.1,-36.9,-28.9,-36.9,-45.0,-104.0,-94.3,-84.1,-77.5,-69.9,-58.7,-47.2,-58.4,-69.4,-77.7,-85.1,-95.0,-99.2,-84.3,-77.5,-69.8,-51.7,-69.9,-77.8,-84.7,-144.9,-126.2,-106.9,-87.6,-67.2,-48.4,-32.4,-19.5,-14.7,-16.5,-25.2,-37.4,-52.3,-70.6,-91.0,-111.7,-132.2,-153.4,-157.9,-156.9,-153.2,-148.1,-147.3,-151.0,-152.5,-151.6,-146.1,-134.3,-122.9,-111.6,-99.8,-92.9,-89.5,-86.8,-88.7,-90.8,-136.9,-138.2,-137.9,-134.5,-133.4,-133.8,-132.5,-134.7,-133.7,-131.5,-129.6,-130.3,-65.6,-70.9,-73.3,-71.2,-72.6,-69.2,-63.4,-54.1,-50.3,-49.8,-50.6,-54.7,-64.7,-66.2,-65.4,-65.7,-63.1,-61.2,-60.7,-61.5,833.0,835.0,839.6,842.6,838.8,829.6,816.1,798.9,790.2,790.8,797.6,804.9,807.7,806.8,803.6,801.6,801.4,803.3,794.1,785.6,778.3,772.2,768.5,769.1,769.5,769.1,769.5,766.1,760.0,753.9,747.9,767.7,762.5,758.4,758.5,758.9,796.5,790.7,787.5,783.9,786.2,789.7,774.1,772.2,771.3,771.5,770.3,771.3,787.8,771.2,763.0,760.2,759.2,763.2,772.9,766.1,762.6,763.5,766.3,775.3,783.6,765.7,762.7,761.7,772.2,762.1,763.3,766.4
0,0,0.975,-73.6,-95.0,782.4,0.176,0.136,0.04,-141.8,-142.3,-141.1,-138.3,-132.5,-122.1,-110.0,-95.5,-78.3,-59.8,-41.6,-24.3,-9.6,-0.0,4.9,8.0,10.0,-131.3,-120.9,-108.4,-96.1,-85.2,-63.7,-50.4,-38.0,-24.9,-13.3,-74.8,-75.7,-76.6,-77.4,-91.5,-84.5,-77.0,-68.6,-61.0,-119.1,-111.1,-102.5,-94.3,-102.8,-111.2,-52.3,-44.2,-35.8,-27.8,-35.8,-44.1,-103.3,-93.4,-83.2,-76.8,-69.2,-58.0,-46.4,-57.9,-69.0,-77.1,-84.4,-94.2,-98.6,-83.5,-76.8,-69.2,-50.9,-69.4,-77.1,-83.9,-144.9,-126.0,-106.3,-86.7,-66.3,-47.8,-32.2,-19.7,-15.1,-16.8,-25.3,-37.3,-52.2,-70.5,-90.9,-111.7,-132.5,-153.6,-158.3,-157.4,-153.9,-148.8,-148.2,-151.8,-153.3,-152.3,-146.6,-134.9,-123.4,-112.0,-100.2,-93.3,-89.9,-87.1,-89.0,-91.2,-136.8,-138.5,-138.2,-134.7,-133.4,-133.7,-132.8,-135.4,-134.4,-131.9,-130.0,-130.6,-66.2,-71.4,-73.7,-71.7,-73.1,-69.8,-64.2,-54.7,-51.0,-50.4,-51.3,-55.4,-65.4,-66.9,-66.1,-66.5,-63.8,-61.3,-60.8,-61.6,837.7,839.2,843.0,845.3,841.3,832.1,818.8,801.7,793.0,793.6,800.7,808.0,810.9,810.2,807.5,806.3,806.6,807.3,798.3,790.0,782.7,776.6,772.9,773.8,774.4,774.0,774.4,770.4,764.1,757.7,751.5,771.1,765.8,761.8,761.9,762.4,800.5,794.9,791.7,788.0,790.3,793.7,778.4,776.7,775.9,776.2,774.8,775.7,791.6,775.2,766.9,764.2,763.4,767.6,777.2,769.8,765.9,766.7,769.5,778.6,787.5,769.1,766.2,765.4,776.4,765.8,766.9,770.0
0,0,0.975,-72.6,-94.9,783.5,0.166,0.132,0.041,-141.2,-141.6,-140.3,-137.5,-131.8,-121.3,-109.2,-94.6,-77.4,-58.9,-40.8,-23.5,-8.9,0.6,5.6,8.7,10.8,-130.7,-120.2,-107.5,-95.2,-84.2,-62.6,-49.3,-36.9,-23.8,-12.1,-73.8,-74.6,-75.5,-76.3,-90.5,-83.5,-75.9,-67.6,-60.0,-118.2,-110.1,-101.5,-93.4,-101.9,-110.3,-51.3,-43.1,-34.7,-26.7,-34.8,-43.0,-102.4,-92.5,-82.3,-75.8,-68.1,-57.0,-45.6,-56.9,-67.9,-76.1,-83.5,-93.3,-97.7,-82.6,-75.8,-68.1,-50.1,-68.3,-76.1,-83.0,-144.8,-125.6,-105.8,-86.0,-65.5,-47.0,-31.5,-19.3,-14.8,-16.5,-24.9,-36.8,-51.7,-70.0,-90.4,-111.4,-132.3,-153.5,-158.4,-157.4,-153.9,-148.8,-148.2,-151.9,-153.3,-152.5,-146.9,-134.9,-123.5,-112.1,-100.3,-93.4,-89.9,-87.2,-89.1,-91.3,-136.7,-138.3,-138.1,-134.6,-133.3,-133.6,-132.9,-135.3,-134.4,-131.9,-130.0,-130.6,-66.1,-71.5,-73.8,-71.8,-73.2,-69.9,-64.1,-54.9,-51.1,-50.5,-51.4,-55.4,-65.3,-67.1,-66.3,-66.6,-63.8,-61.5,-60.9,-61.7,839.1,840.4,844.2,846.3,842.1,832.7,819.2,802.0,793.5,794.3,801.5,809.1,812.0,811.4,808.8,807.7,808.3,808.9,800.0,791.6,784.4,778.2,774.7,775.7,776.3,776.1,776.6,772.1,765.8,759.4,753.2,772.5,767.3,763.2,763.4,763.8,801.9,796.3,793.2,789.5,791.8,795.1,780.2,778.7,777.9,778.2,776.8,777.6,792.2,776.2,768.2,765.4,764.7,768.7,778.2,770.8,766.9,767.7,770.4,779.4,788.2,770.2,767.3,766.5,777.3,767.0,768.1,771.1
0,0,0.975,-71.0,-94.2,782.9,0.167,0.116,0.044,-140.1,-140.6,-139.5,-136.6,-130.8,-120.3,-108.1,-93.4,-76.0,-57.6,-39.8,-22.8,-8.3,1.3,6.4,9.9,12.3,-129.2,-119.0,-106.2,-93.5,-82.3,-61.1,-47.9,-35.4,-22.1,-10.2,-72.2,-73.0,-73.9,-74.7,-89.1,-82.0,-74.3,-65.8,-58.1,-116.9,-108.7,-100.2,-91.8,-100.4,-108.6,-49.2,-40.7,-32.4,-24.4,-32.5,-40.7,-100.5,-90.4,-80.2,-73.9,-66.6,-55.7,-44.4,-55.6,-66.4,-74.2,-81.3,-91.1,-95.6,-80.6,-74.0,-66.7,-48.9,-66.8,-74.3,-80.9,-143.7,-124.8,-105.4,-85.9,-65.6,-46.9,-31.2,-18.8,-14.2,-15.9,-24.3,-36.2,-51.0,-69.5,-90.2,-111.3,-132.2,-152.4,-157.5,-156.7,-153.0,-147.7,-147.1,-151.0,-152.6,-151.9,-146.3,-134.4,-122.7,-111.3,-99.3,-92.8,-89.3,-86.5,-88.6,-90.8,-136.0,-137.2,-137.1,-134.2,-132.8,-133.0,-132.3,-134.1,-133.1,-131.1,-129.2,-129.9,-65.6,-70.7,-73.1,-71.1,-72.6,-69.2,-63.6,-54.2,-50.5,-49.9,-50.6,-54.6,-64.8,-66.2,-65.4,-65.8,-63.3,-61.2,-60.7,-61.5,837.4,838.7,842.7,845.1,841.2,831.9,818.2,801.7,794.4,796.3,804.1,812.0,815.2,814.5,811.6,810.2,810.5,809.0,800.0,791.5,784.3,777.9,774.8,775.9,776.6,776.3,776.7,772.0,765.5,758.9,752.5,771.4,766.6,762.9,763.6,764.4,802.0,796.6,793.6,789.7,792.1,795.3,780.4,779.1,778.5,778.9,777.5,778.2,791.1,775.3,767.5,765.1,764.6,768.6,778.2,770.6,766.7,767.2,769.6,778.2,787.1,769.8,767.2,766.6,777.2,766.7,767.5,770.2
0,0,0.975,-69.5,-93.1,783.1,0.172,0.111,0.041,-139.3,-139.8,-138.6,-135.6,-129.5,-118.7,-106.2,-91.4,-74.0,-55.6,-37.8,-21.1,-6.9,2.4,7.3,10.7,13.1,-128.0,-117.7,-104.6,-91.9,-80.6,-59.1,-46.1,-33.7,-20.5,-8.7,-70.3,-71.1,-72.0,-72.9,-87.5,-80.3,-72.5,-64.0,-56.4,-115.6,-107.3,-98.7,-90.3,-98.9,-107.2,-47.3,-38.7,-30.3,-22.4,-30.5,-38.7,-99.3,-89.1,-79.0,-72.4,-64.7,-53.8,-42.7,-53.8,-64.6,-72.8,-80.2,-90.1,-94.5,-79.4,-72.5,-64.8,-47.2,-65.0,-72.8,-79.8,-142.7,-123.4,-103.8,-84.1,-63.7,-45.1,-29.7,-17.7,-13.4,-15.2,-23.6,-35.6,-50.6,-69.1,-89.8,-111.0,-132.1,-150.9,-156.3,-155.5,-151.7,-146.4,-145.9,-149.9,-151.7,-151.2,-145.6,-133.3,-121.6,-110.0,-97.9,-91.7,-88.1,-85.3,-87.3,-89.6,-134.8,-136.0,-135.9,-133.0,-131.7,-131.8,-131.1,-133.0,-132.0,-130.0,-128.1,-128.7,-64.6,-69.7,-72.0,-69.9,-71.4,-68.0,-62.4,-53.0,-49.2,-48.6,-49.4,-53.5,-63.8,-65.3,-64.4,-64.8,-62.1,-59.7,-59.1,-59.9,836.9,838.1,842.3,844.7,840.7,831.4,817.4,801.2,794.3,796.6,804.7,812.7,815.6,814.7,811.6,810.1,810.4,808.3,799.5,791.1,783.9,777.5,774.7,775.5,776.1,775.9,776.4,771.7,765.4,758.9,752.7,771.5,766.8,763.1,763.8,764.6,801.4,796.1,793.3,789.3,791.8,794.8,780.2,778.9,778.4,778.8,777.4,778.0,791.2,775.7,768.1,765.7,765.4,769.4,778.5,771.4,767.7,768.0,770.3,778.7,787.2,770.1,767.6,767.1,777.5,767.7,768.4,771.1
0,0,0.975,-67.6,-92.3,784.2,0.173,0.099,0.038,-137.8,-138.3,-137.2,-134.2,-127.9,-116.9,-104.2,-88.9,-71.4,-53.1,-35.7,-19.3,-5.3,3.9,8.5,11.7,13.8,-126.1,-116.1,-103.0,-90.2,-78.7,-57.5,-44.5,-32.0,-18.7,-7.1,-68.5,-69.1,-69.9,-70.6,-85.3,-78.0,-70.2,-61.9,-54.2,-114.0,-105.7,-97.1,-88.6,-97.2,-105.5,-45.6,-37.0,-28.6,-20.7,-28.7,-36.9,-97.2,-87.0,-76.8,-70.1,-62.6,-51.6,-40.5,-51.6,-62.4,-70.6,-78.0,-87.8,-92.3,-77.2,-70.3,-62.7,-45.1,-62.9,-70.6,-77.6,-141.6,-122.7,-103.4,-83.9,-63.5,-44.7,-28.9,-16.7,-12.5,-14.4,-23.1,-35.2,-50.3,-68.8,-89.6,-110.9,-132.1,-149.6,-155.3,-154.7,-151.0,-145.6,-145.3,-149.6,-151.4,-150.8,-145.0,-132.6,-120.8,-109.2,-97.0,-90.6,-87.1,-84.4,-86.5,-88.7,-133.8,-135.1,-135.1,-132.3,-130.8,-130.9,-130.6,-132.5,-131.5,-129.6,-127.6,-128.2,-63.4,-68.5,-70.8,-68.8,-70.3,-66.9,-61.3,-52.0,-48.3,-47.7,-48.6,-52.6,-62.6,-63.8,-63.0,-63.4,-61.0,-59.2,-58.7,-59.5,836.8,838.3,843.0,845.6,841.6,832.1,817.9,802.1,795.8,798.7,807.3,815.8,819.1,818.3,814.7,812.6,812.2,808.7,800.1,792.0,785.3,779.3,776.6,777.3,778.1,778.0,778.7,773.2,766.8,760.3,754.0,772.6,768.3,764.8,765.8,766.7,802.2,797.2,794.5,790.6,793.0,796.0,782.0,780.8,780.5,780.9,779.6,780.1,792.0,776.4,769.1,766.8,766.6,770.7,780.2,772.8,768.9,768.9,771.1,779.4,787.8,771.3,769.0,768.5,779.0,768.8,769.2,771.8
0,0,0.975,-64.7,-91.0,777.9,0.187,0.083,0.013,-137.4,-138.0,-137.1,-133.8,-126.7,-114.3,-100.0,-83.4,-65.1,-46.4,-29.4,-13.8,-1.1,6.7,10.4,12.6,13.6,-123.6,-113.9,-100.7,-87.7,-76.0,-54.4,-41.7,-29.5,-16.6,-5.8,-65.3,-65.8,-66.4,-66.9,-81.9,-74.5,-66.7,-58.6,-51.1,-111.3,-103.0,-94.5,-86.3,-94.7,-102.9,-43.2,-34.5,-26.2,-18.6,-26.4,-34.6,-94.0,-83.4,-73.1,-66.7,-59.7,-48.9,-38.0,-48.8,-59.4,-67.0,-74.1,-84.1,-89.2,-73.4,-66.8,-59.7,-42.6,-59.9,-67.1,-73.8,-138.0,-119.2,-100.1,-80.3,-59.7,-40.9,-25.3,-13.8,-10.7,-14.4,-25.1,-38.7,-54.7,-73.4,-93.5,-113.8,-133.8,-146.7,-152.9,-153.0,-149.4,-144.0,-143.6,-148.0,-149.9,-149.1,-143.2,-130.7,-119.3,-108.0,-96.2,-89.0,-85.8,-83.3,-85.4,-87.8,-131.7,-133.1,-133.2,-130.5,-128.8,-128.9,-129.3,-131.0,-130.2,-128.4,-126.3,-126.9,-61.7,-66.7,-69.1,-67.2,-68.8,-65.7,-60.4,-50.7,-47.1,-46.5,-47.2,-51.0,-61.0,-62.0,-61.4,-61.9,-60.0,-57.8,-57.2,-57.8,831.4,833.9,839.0,841.4,836.8,826.8,811.9,796.3,790.8,794.7,803.0,810.7,813.8,812.5,808.4,805.8,805.0,800.2,792.1,784.5,778.5,773.4,771.4,772.5,773.3,773.1,773.7,766.6,759.9,753.1,746.6,764.9,761.5,758.7,759.8,760.9,793.6,789.1,786.8,783.3,785.3,788.0,776.3,775.1,775.2,776.1,774.5,774.6,785.1,769.6,762.3,760.7,760.9,765.6,775.9,768.0,763.6,762.8,764.6,772.4,781.5,764.7,762.9,763.0,774.3,763.3,763.1,765.1
0,0,0.975,-62.7,-90.3,776.1,0.17,0.057,0.017,-135.9,-136.7,-136.0,-133.1,-126.2,-113.8,-99.3,-82.0,-63.5,-44.8,-28.1,-12.8,-0.3,7.5,11.2,13.4,14.4,-121.6,-112.0,-98.7,-85.5,-73.7,-52.3,-39.4,-27.1,-14.2,-3.4,-63.1,-63.4,-63.7,-64.0,-79.3,-71.9,-64.2,-56.1,-48.8,-109.3,-101.1,-92.6,-84.3,-92.7,-100.9,-41.2,-32.4,-24.2,-16.8,-24.4,-32.5,-91.4,-80.5,-70.4,-64.2,-57.5,-47.1,-36.5,-47.1,-57.2,-64.5,-71.4,-81.2,-86.5,-70.8,-64.4,-57.6,-41.1,-57.8,-64.7,-71.1,-137.2,-118.8,-99.8,-80.1,-59.3,-40.1,-23.9,-11.9,-8.6,-12.4,-23.4,-37.4,-53.7,-72.7,-93.2,-113.7,-133.9,-145.6,-152.0,-152.4,-148.8,-143.5,-143.2,-147.7,-149.8,-148.9,-142.8,-130.4,-119.1,-107.9,-96.1,-88.4,-85.2,-82.8,-84.9,-87.3,-130.8,-132.3,-132.5,-130.0,-128.1,-128.0,-129.1,-130.8,-129.9,-128.1,-126.0,-126.6,-60.4,-65.4,-68.0,-66.1,-67.8,-64.7,-59.3,-50.5,-47.5,-46.9,-47.6,-50.8,-59.8,-60.8,-60.2,-60.7,-59.0,-58.1,-57.6,-58.1,828.4,831.0,836.0,838.4,833.8,824.1,810.0,794.6,789.3,793.7,802.5,810.9,814.8,813.8,810.0,807.0,805.8,798.4,790.6,783.3,777.8,773.5,771.6,773.0,774.4,774.7,776.1,766.3,759.4,752.3,745.5,763.6,760.3,757.7,759.3,760.7,792.1,788.1,785.9,782.6,784.4,786.9,776.9,775.9,776.3,777.4,775.6,775.4,782.1,766.9,760.5,759.2,759.6,764.4,775.0,766.1,761.4,760.4,761.8,769.1,778.4,762.7,761.3,761.7,772.9,761.3,760.8,762.5
